_writer,class,threshold,auc,sens,spec,ppv,npv,alert_rate,ece,tp,fp,tn,fn
1,Atelectasis,0.46991127729415894,0.6,0.9963592233009696,0.009269988412514482,0.10716616629682808,0.9552238805970007,0.9913302277432712,0.37570202350616455,,,,
1,Cardiomegaly,0.44629353284835815,0.627,0.9861111111111066,0.05404685835995739,0.02910233638475201,0.9926650366748141,0.947075569358178,0.4269556999206543,,,,
1,Consolidation,0.460024893283844,0.677,0.855828220858893,0.34004323155903804,0.05402788536018589,0.9816692667706705,0.6682194616977226,0.4201756417751312,,,,
1,Edema,0.4492603540420532,0.658,0.8937499999999945,0.2681025369978858,0.025167194649771202,0.99169110459433,0.735248447204969,0.4320342242717743,,,,
1,Effusion,0.4799017608165741,0.716,0.8350168350168341,0.49597776802691235,0.17756563245823384,0.9584511023176934,0.542184265010352,0.36517783999443054,,,,
1,Emphysema,0.46114280819892883,0.697,0.81927710843373,0.5027770431102883,0.03490759753593428,0.9921711899791229,0.5041407867494824,0.4395368695259094,,,,
1,Fibrosis,0.4444069266319275,0.611,0.9818181818181729,0.12956156471514832,0.016026116634515506,0.9979777553083913,0.8720238095238095,0.43559888005256653,,,,
1,Hernia,0.4308188259601593,0.592,0.9999999999999166,0.41251944012441677,0.00264026402640264,0.9999999999999997,0.5881211180124224,0.4301529824733734,,,,
1,Infiltration,0.4846409857273102,0.619,0.9762071378586418,0.05826321638355294,0.19039170192438923,0.9152119700748106,0.9481107660455487,0.30900498174177193,,,,
1,Mass,0.4607958495616913,0.603,0.9999999999999972,0.0025832766825288917,0.04838500454014787,0.9999999999999475,0.9975414078674948,0.42633992433547974,,,,
1,No Finding,0.4837183654308319,0.423,0.9999999999999998,0.0,0.5380434782608695,0.0,1.0,0.03346056088913178,,,,
1,Nodule,0.4613209366798401,0.587,0.9999999999999976,0.0023255813953488367,0.05420827389443651,0.9999999999999413,0.9978002070393375,0.421214759349823,,,,
1,Pleural_Thickening,0.4605204164981842,0.631,0.8794642857142818,0.32715884861407246,0.037552420892108265,0.989121676067687,0.6788302277432712,0.4335736036300659,,,,
1,Pneumonia,0.4465063214302063,0.636,0.8645833333333244,0.3081761006289308,0.015476412455715082,0.9945031712473569,0.6939699792960663,0.4365155100822449,,,,
1,Pneumothorax,0.46994706988334656,0.663,0.9109195402298824,0.3685636856368563,0.06369298774362064,0.9887313704107594,0.6440217391304348,0.4264865517616272,,,,
2,Atelectasis,0.4669003486633301,0.679,0.8446601941747562,0.4645133256083429,0.15843387206920098,0.9616191904047974,0.5684523809523809,0.3665848615083759,,,,
2,Cardiomegaly,0.40733397006988525,0.622,0.9212962962962921,0.3013844515441959,0.03653387185606755,0.9925471284524328,0.7048395445134575,0.39038220931839496,,,,
2,Consolidation,0.4273688495159149,0.747,0.9110429447852733,0.5036476627938394,0.074792243767313,0.9922810753260578,0.5138457556935818,0.3891057725031677,,,,
2,Edema,0.4072316884994507,0.812,0.956249999999994,0.5576109936575052,0.04370179948586117,0.9983439791814523,0.453027950310559,0.38694802742243184,,,,
2,Effusion,0.4672601819038391,0.75,0.8585858585858576,0.5714494661401198,0.20703653585926923,0.9687577485742621,0.47813146997929606,0.3524968830972725,,,,
2,Emphysema,0.422061026096344,0.741,0.8795180722891514,0.546151811690029,0.04080491894913359,0.995180722891566,0.46299171842650105,0.4003477368665778,,,,
2,Fibrosis,0.40644651651382446,0.668,0.9090909090909008,0.3030979259648201,0.01848770567572564,0.9956877964639927,0.6999223602484472,0.397969487799991,,,,
2,Hernia,0.37486428022384644,0.639,0.9999999999999166,0.2764385692068429,0.0021447721179624663,0.9999999999999996,0.7239906832298136,0.3786418798917569,,,,
2,Infiltration,0.4684686064720154,0.649,0.9335199440167944,0.14605492935386566,0.19871890361984207,0.9064039408866986,0.8686594202898551,0.31536380477311327,,,,
2,Mass,0.433096319437027,0.642,0.9731903485254665,0.07695445275322908,0.050755033557046976,0.9826388888888872,0.9254658385093167,0.4055647027233373,,,,
2,No Finding,0.5115280151367188,0.691,0.822270322270322,0.4176470588235293,0.6218624954528919,0.6686098654708518,0.7114389233954451,0.0705418008423987,,,,
2,Nodule,0.4349488615989685,0.605,0.9999999999999976,0.014227086183310532,0.054826862539349416,0.9999999999999905,0.9865424430641822,0.4031549165638522,,,,
2,Pleural_Thickening,0.4197700023651123,0.68,0.9330357142857102,0.218683368869936,0.03442028985507246,0.9909420289855067,0.7857142857142857,0.4030792010489149,,,,
2,Pneumonia,0.3912053406238556,0.705,0.9479166666666569,0.2552410901467505,0.015757575757575755,0.9974398361495131,0.7472826086956522,0.39161353132554466,,,,
2,Pneumothorax,0.430558979511261,0.711,0.9281609195402272,0.3827913279132791,0.06621566215662156,0.9912280701754382,0.6312111801242236,0.39411884499231725,,,,
3,Atelectasis,0.45895516872406006,0.699,0.8652912621359212,0.4416280417149478,0.15608581436077054,0.9648734177215187,0.5910973084886129,0.36803686599522895,,,,
3,Cardiomegaly,0.39604055881500244,0.623,0.9259259259259217,0.31296592119275823,0.03730647267300876,0.9932403886776506,0.6937111801242236,0.3846595539532093,,,,
3,Consolidation,0.4256165623664856,0.755,0.9049079754601198,0.5335044582545257,0.07870864461045889,0.9922110552763816,0.4849896480331263,0.38853304344181194,,,,
3,Edema,0.3968988358974457,0.831,0.956249999999994,0.5992336152219873,0.048022598870056485,0.9984588287098193,0.41226708074534163,0.37665724875039075,,,,
3,Effusion,0.4665468633174896,0.767,0.9023569023569014,0.5088489103407927,0.19317635752042284,0.9756029164329779,0.5385610766045549,0.36422599108183973,,,,
3,Emphysema,0.39660850167274475,0.774,0.9337349397590305,0.49100766992859024,0.038711288711288705,0.9970461868958107,0.5181159420289855,0.38022349371071557,,,,
3,Fibrosis,0.38432592153549194,0.692,0.9454545454545369,0.23588868469414542,0.01755274261603375,0.9966722129783688,0.7666925465838509,0.3827280347114024,,,,
3,Hernia,0.3642108738422394,0.704,0.9166666666665902,0.48652151373768787,0.002768688648376541,0.9997336884154459,0.5141045548654244,0.3626106381416321,,,,
3,Infiltration,0.4670277237892151,0.659,0.9055283414975501,0.20939831719320523,0.2062480076506216,0.9071526822558453,0.8118530020703933,0.32637428616484004,,,,
3,Mass,0.4107671082019806,0.656,0.9705093833780134,0.09775662814411963,0.05172906544727064,0.9849315068493137,0.9055383022774327,0.3967209435559763,,,,
3,No Finding,0.5117003917694092,0.718,0.8395863395863394,0.4358543417366946,0.6341507720254314,0.6999550157444892,0.7123447204968945,0.07639672098137577,,,,
3,Nodule,0.42022284865379333,0.618,0.9999999999999976,0.020109439124487,0.05513784461152881,0.9999999999999932,0.9809782608695652,0.3961723917867703,,,,
3,Pleural_Thickening,0.400100976228714,0.697,0.9598214285714243,0.16737739872068227,0.03326628500696271,0.9928853754940704,0.8363095238095238,0.3942435075476858,,,,
3,Pneumonia,0.3822692036628723,0.711,0.9062499999999906,0.36045597484276726,0.01751207729468599,0.9967391304347822,0.6428571428571429,0.3822074648046839,,,,
3,Pneumothorax,0.41948267817497253,0.733,0.8620689655172389,0.5439024390243902,0.08183306055646479,0.988183161004431,0.47437888198757766,0.37906478771141594,,,,
