epoch,class,threshold,spec_threshold,auc,sens,spec,ppv,npv,alert_rate,ece,tp,fp,tn,fn,spec_thresh_sens,spec_thresh_spec,spec_thresh_ppv,spec_thresh_npv,spec_thresh_alert_rate
1,Atelectasis,0.3908029794692993,0.40908050537109375,0.651,0.8737864077669892,0.3842699884125144,0.1448400724200362,0.9622778382299598,0.6432453416149069,0.29133151828718234,720,4251,2653,104,0.4004854368932034,0.7702780996523754,0.17223382045929012,0.9150034411562283,0.24792960662525879
1,Cardiomegaly,0.33773985505104065,0.3533737361431122,0.552,0.9351851851851809,0.21964856230031946,0.03331134564643799,0.9915865384615379,0.7846790890269151,0.31868359446525574,202,5862,1650,14,0.4027777777777759,0.7340255591054312,0.04172661870503595,0.9771398192450822,0.26979813664596275
1,Consolidation,0.3616354763507843,0.3826071619987488,0.745,0.94171779141104,0.4197514185355309,0.06671012603215992,0.9939219449776069,0.5954968944099379,0.3248235280962958,307,4295,3107,19,0.40184049079754475,0.8577411510402593,0.1106418918918918,0.9702017114914424,0.15320910973084886
1,Edema,0.34346437454223633,0.3636751174926758,0.802,0.974999999999994,0.45850951374207183,0.03667136812411847,0.9988485895221644,0.5504658385093167,0.326162189245224,156,4098,3470,4,0.3999999999999975,0.8933668076109935,0.07347876004592414,0.9859997083272567,0.11270703933747413
1,Effusion,0.40031862258911133,0.4206545054912567,0.691,0.9068462401795725,0.45400029252596164,0.17793437568817438,0.9739566990900531,0.587603519668737,0.290398305039043,808,3733,3104,83,0.40067340067340024,0.839256984057335,0.24519230769230754,0.9148596938775508,0.18840579710144928
1,Emphysema,0.34556588530540466,0.3556077778339386,0.688,0.8373493975903564,0.5253901084369214,0.03728540772532188,0.9932499999999997,0.4824016563146998,0.32467785477638245,139,3589,3973,27,0.4036144578313229,0.8073261042052366,0.04396325459317583,0.9840425531914893,0.1972049689440994
1,Fibrosis,0.2930755913257599,0.30398377776145935,0.602,0.9727272727272639,0.14190076135468624,0.016104756170981335,0.9972324723247225,0.8597308488612836,0.28657581983423375,107,6537,1081,3,0.39999999999999636,0.6835127330007875,0.017922606924643578,0.9874834060307224,0.317675983436853
1,Hernia,0.30676132440567017,0.315276563167572,0.574,0.9166666666665902,0.44388284085018137,0.002556950255695025,0.9997081144191474,0.5566770186335404,0.3066872384237207,11,4291,3425,1,0.41666666666663194,0.817262830482115,0.0035335689045936374,0.9988911769364801,0.18310041407867494
1,Infiltration,0.34220850467681885,0.3807099759578705,0.644,0.9979006298110561,0.005715192887759961,0.18545974769150733,0.9230769230768994,0.9949534161490683,0.18436177047335892,1426,6263,36,3,0.4002799160251922,0.7969518971265279,0.30902215018908685,0.8541773013442231,0.23951863354037267
1,Mass,0.3392479419708252,0.35397714376449585,0.618,0.9651474530831072,0.1363698164513936,0.0536352800953516,0.9872047244094478,0.8685300207039337,0.3020571172237396,360,6352,1003,13,0.40214477211796135,0.6501699524133242,0.05508630187293424,0.9554445554445553,0.3523550724637681
1,No Finding,0.43975189328193665,0.4572720527648926,0.32,0.9999999999999998,0.0002801120448179271,0.5381131098744661,0.9999999999989999,0.9998706004140787,0.07966822385787964,4158,3569,1,0,0.4001924001924001,0.31680672268907556,0.4055569095783572,0.31199999999999994,0.5309265010351967
1,Nodule,0.2865493595600128,0.31042036414146423,0.584,0.9999999999999976,0.00041039671682626533,0.054110032362459544,0.9999999999996666,0.999611801242236,0.2530092922797114,418,7307,3,0,0.4019138755980851,0.688235294117647,0.06865549652635879,0.9526604809695132,0.31664078674948243
1,Pleural_Thickening,0.30323249101638794,0.31847286224365234,0.659,0.9598214285714243,0.18203624733475476,0.0338422792381552,0.9934545454545448,0.822075569358178,0.2817811241091902,215,6138,1366,9,0.4017857142857125,0.8270255863539444,0.06484149855907777,0.9788643533123027,0.17960662525879917
1,Pneumonia,0.3325349688529968,0.34669554233551025,0.705,0.8645833333333244,0.3953092243186582,0.017667092379736054,0.9957095709570954,0.6079192546583851,0.32410064339637756,83,4615,3017,13,0.4062499999999958,0.8259958071278825,0.02852962692026333,0.9910391447885551,0.17688923395445136
1,Pneumothorax,0.3586030602455139,0.3748369812965393,0.644,0.916666666666664,0.34159891598915987,0.0616067979915025,0.9886274509803918,0.6700310559006211,0.3201472759246826,319,4859,2521,29,0.4022988505747115,0.7901084010840107,0.08288928359976312,0.9655572114588507,0.21855590062111802
2,Atelectasis,0.39830178022384644,0.4626480042934418,0.687,0.8762135922330087,0.4094727694090382,0.15044801000208374,0.96517582792762,0.6209886128364389,0.31231634761929883,722,4077,2827,102,0.4004854368932034,0.7998261877172652,0.1927570093457943,0.9178856382978722,0.22153209109730848
2,Cardiomegaly,0.3220883011817932,0.35947123169898987,0.582,0.9490740740740697,0.226171458998935,0.03406447324692588,0.9935672514619878,0.7787267080745341,0.31304534457577676,205,5813,1699,11,0.4027777777777759,0.7728966986155483,0.04852203011712212,0.9782645324347092,0.2320134575569358
2,Consolidation,0.3486495912075043,0.40761375427246094,0.755,0.9325153374233099,0.48567954606863006,0.07394794453904158,0.9939176112800661,0.5319616977225673,0.3169324748742531,304,3807,3595,22,0.40184049079754475,0.8661172656038907,0.11675579322638137,0.9704813805631243,0.14518633540372672
2,Edema,0.32323482632637024,0.3780903220176697,0.816,0.956249999999994,0.5293340380549683,0.04118438761776581,0.9982556690755043,0.48071946169772256,0.30553566613552735,153,3562,4006,7,0.4062499999999975,0.9229651162790696,0.10030864197530848,0.9865819209039547,0.08385093167701864
2,Effusion,0.4111248254776001,0.4943697452545166,0.747,0.9180695847362503,0.4927599824484422,0.19085394307046194,0.9787914003486342,0.5546066252587992,0.3117230817035426,818,3468,3369,73,0.40067340067340024,0.8810881965774461,0.3051282051282049,0.9185727355901188,0.1513975155279503
2,Emphysema,0.3345572054386139,0.3666430711746216,0.734,0.8975903614457778,0.5185136207352552,0.039313984168865425,0.9956830878618586,0.49042443064182195,0.3153698451269426,149,3641,3921,17,0.4036144578313229,0.8907696376619941,0.0750279955207166,0.9855157278712507,0.11555383022774326
2,Fibrosis,0.265156090259552,0.29257476329803467,0.687,0.9727272727272639,0.18718823838277762,0.01698682330528655,0.9979006298110561,0.8150879917184265,0.26622430249801826,107,6192,1426,3,0.39999999999999636,0.7914150695720661,0.026944274341702372,0.989171452009844,0.2113095238095238
2,Hernia,0.28187891840934753,0.3062988221645355,0.669,0.9999999999999166,0.34758942457231723,0.0023781212841854932,0.9999999999999997,0.6529503105590062,0.2865776517553791,12,5034,2682,0,0.41666666666663194,0.8930793157076204,0.006024096385542161,0.9989852131052478,0.10740165631469979
2,Infiltration,0.28599563241004944,0.40205878019332886,0.655,0.9986004198740371,0.003968883949833306,0.18530061031034928,0.9259259259258917,0.9965062111801242,0.17671455863639554,1427,6274,25,2,0.4002799160251922,0.8042546435942212,0.3168975069252076,0.8553098092183014,0.2335662525879917
2,Mass,0.315307080745697,0.3603872060775757,0.653,0.9865951742627319,0.05411284840244731,0.050238907849829345,0.9875930521091786,0.947851966873706,0.29934103651971056,368,6957,398,5,0.40214477211796135,0.7131203263086335,0.06637168141592918,0.9592172640819311,0.2924430641821946
2,No Finding,0.5272262692451477,0.5782439708709717,0.687,0.8936988936988935,0.31904761904761897,0.604522531316089,0.7204301075268813,0.7954192546583851,0.02034147229531537,3716,2431,1139,442,0.40043290043290036,0.8288515406162463,0.7315465729349734,0.5427366104181951,0.2945134575569358
2,Nodule,0.25216802954673767,0.29604989290237427,0.612,0.99760765550239,0.009028727770177837,0.05443153635295653,0.985074626865657,0.9913302277432712,0.23286888714470974,417,7244,66,1,0.4019138755980851,0.7341997264021887,0.07958313595452389,0.9554922556524834,0.2731625258799172
2,Pleural_Thickening,0.2750580310821533,0.31173285841941833,0.688,0.9241071428571388,0.28558102345415776,0.03717672413793103,0.9921296296296293,0.7204968944099379,0.2596670884800994,207,5361,2143,17,0.4017857142857125,0.8626066098081022,0.08028545941123989,0.9797184803995761,0.14505693581780538
2,Pneumonia,0.31228432059288025,0.3446495234966278,0.706,0.8749999999999909,0.3979297693920335,0.01795255396452233,0.9960642833715969,0.6054606625258799,0.30849998611686885,84,4595,3037,12,0.4062499999999958,0.8523322851153039,0.03344768439108059,0.9913136238951538,0.15087991718426502
2,Pneumothorax,0.361401230096817,0.40273162722587585,0.707,0.8534482758620665,0.548780487804878,0.08188585607940445,0.9875640087783465,0.46933229813664595,0.31806642716407285,297,3330,4050,51,0.40517241379310226,0.8888888888888887,0.14672216441207062,0.969410373873208,0.12435300207039338
3,Atelectasis,0.3950190842151642,0.49011120200157166,0.716,0.8737864077669892,0.42236384704519114,0.15293118096856412,0.9655629139072844,0.6092132505175983,0.3158708398247728,720,3988,2916,104,0.4004854368932034,0.8535631517960601,0.24608501118568216,0.9226553937685923,0.1735248447204969
3,Cardiomegaly,0.32350021600723267,0.36686456203460693,0.586,0.9351851851851809,0.2659744408945687,0.03533939818054583,0.9930417495029816,0.739648033126294,0.3159159670273463,202,5514,1998,14,0.4027777777777759,0.7799520766773163,0.049999999999999975,0.9784569138276552,0.2251552795031056
3,Consolidation,0.34676921367645264,0.42327967286109924,0.76,0.9263803680981566,0.50499864901378,0.0761472516389309,0.993620414673046,0.5131987577639752,0.31620311142016766,302,3664,3738,24,0.40184049079754475,0.8590921372601998,0.11158432708688237,0.9702471772963075,0.15191511387163562
3,Edema,0.3199416995048523,0.39679062366485596,0.831,0.956249999999994,0.5552325581395349,0.04347826086956521,0.9983368971252077,0.45535714285714285,0.30146556584006384,153,3366,4202,7,0.3999999999999975,0.9396141649048625,0.12284069097888652,0.9866796170389898,0.06741718426501035
3,Effusion,0.408151775598526,0.5289687514305115,0.779,0.8956228956228945,0.545122129589001,0.2041965199590583,0.9756544502617799,0.5056935817805382,0.3045794607041785,798,3110,3727,93,0.401795735129068,0.9069767441860463,0.36016096579476825,0.9208494208494207,0.1286231884057971
3,Emphysema,0.32132405042648315,0.38394027948379517,0.754,0.9518072289156569,0.4054482941020893,0.03394929093253115,0.9973975276512684,0.6022256728778468,0.31327596505791505,158,4496,3066,8,0.4036144578313229,0.9160275059508065,0.0954415954415953,0.9859094790777112,0.09083850931677019
3,Fibrosis,0.26686781644821167,0.2862919867038727,0.688,0.8454545454545378,0.4397479653452349,0.021325384086218754,0.9949509949509947,0.5643115942028986,0.2582693360745907,93,4268,3350,17,0.39999999999999636,0.8008663691257547,0.02818705957719409,0.9892978757904977,0.20199275362318841
3,Hernia,0.27864882349967957,0.296936571598053,0.692,0.9166666666665902,0.4270347330222913,0.002481949458483754,0.9996966019417473,0.5734989648033126,0.2805959457342608,11,4421,3295,1,0.41666666666663194,0.8801192327630896,0.0053763440860215,0.9989702853780522,0.1203416149068323
3,Infiltration,0.2890090346336365,0.4153686761856079,0.663,0.964310706787963,0.08620415939037941,0.19315951780207455,0.9141414141414126,0.9231366459627329,0.1767969084498675,1378,5756,543,51,0.4002799160251922,0.8047309096682012,0.31742508324084334,0.8553830577117785,0.23317805383022774
3,Mass,0.31665241718292236,0.36818429827690125,0.668,0.9383378016085765,0.16614547926580556,0.05398735153478327,0.98152610441767,0.8388975155279503,0.2996141781093356,350,6133,1222,23,0.40214477211796135,0.7586675730795376,0.07792207792207788,0.9615716008960881,0.24909420289855072
3,No Finding,0.497127503156662,0.6177657246589661,0.722,0.8633958633958632,0.4154061624649859,0.6323762550642944,0.7230619210141391,0.7346014492753623,0.1075793627445156,3590,2087,1483,568,0.40091390091390083,0.8591036414565825,0.7682027649769582,0.5518172004318099,0.2807971014492754
3,Nodule,0.23479105532169342,0.2902119755744934,0.622,0.9999999999999976,0.003556771545827633,0.05427161776162035,0.9999999999999616,0.9966356107660456,0.2240916231384898,418,7284,26,0,0.4019138755980851,0.7450068399452804,0.08267716535433067,0.9561095505617976,0.2629399585921325
3,Pleural_Thickening,0.25701847672462463,0.311188668012619,0.705,0.9598214285714243,0.22721215351812363,0.03574991686065846,0.9947491248541418,0.7782091097308489,0.25119737828416483,215,5799,1705,9,0.4017857142857125,0.8522121535181235,0.07506255212677225,0.9794761831827231,0.15515010351966874
3,Pneumonia,0.3078741133213043,0.3473621904850006,0.712,0.9166666666666572,0.3485324947589098,0.017391304347826084,0.9970014992503745,0.6547619047619048,0.30872764068175546,88,4972,2660,8,0.4062499999999958,0.8453878406708595,0.03199343724364231,0.9912428944538331,0.15773809523809523
3,Pneumothorax,0.3584587275981903,0.4277013838291168,0.744,0.8620689655172389,0.5784552845528455,0.08795074758135442,0.9888811674774146,0.44138198757763975,0.3140137736872609,300,3111,4269,48,0.4022988505747115,0.9130081300813007,0.17902813299232714,0.9700547077454649,0.10119047619047619
4,Atelectasis,0.3887964189052582,0.48942503333091736,0.745,0.9296116504854357,0.32836037079953645,0.14177308902461594,0.9750537634408598,0.6991459627329193,0.3227514578820077,766,4637,2267,58,0.4004854368932034,0.8725376593279257,0.27272727272727254,0.9242098803313898,0.15657349896480333
4,Cardiomegaly,0.32903429865837097,0.3679609000682831,0.623,0.9351851851851809,0.29965388711395097,0.03697602050155591,0.993818984547461,0.7069099378881988,0.3182529131602303,202,5261,2251,14,0.4027777777777759,0.7965921192758253,0.05386996904024765,0.9788974317029281,0.20898033126293997
4,Consolidation,0.35857272148132324,0.4201302230358124,0.768,0.9049079754601198,0.5289111051067279,0.07800105764145952,0.9921439432336541,0.48938923395445133,0.3225591037746357,295,3487,3915,31,0.40184049079754475,0.8503107268305862,0.105730427764326,0.9699491447064261,0.16032608695652173
4,Edema,0.3399040102958679,0.3988247215747833,0.845,0.9249999999999943,0.6679439746300211,0.05561818865088311,0.9976317347542923,0.34433229813664595,0.3079981846777302,148,2513,5055,12,0.3999999999999975,0.9439746300211416,0.1311475409836063,0.9867403314917126,0.06314699792960662
4,Effusion,0.4146097004413605,0.5217050313949585,0.809,0.9068462401795725,0.5362000877577884,0.20306609700929878,0.9778607628700985,0.5148809523809523,0.3112252144640462,808,3171,3666,83,0.40067340067340024,0.926575983618546,0.41559953434225794,0.9222594264085019,0.11115424430641822
4,Emphysema,0.3441444933414459,0.3908582031726837,0.751,0.861445783132525,0.6202062946310499,0.0474295190713101,0.9951198811797155,0.390139751552795,0.3206724545091205,143,2872,4690,23,0.4036144578313229,0.9090187781010314,0.08874172185430451,0.9858023806109277,0.09769668737060042
4,Fibrosis,0.2650342285633087,0.2878069281578064,0.682,0.8909090909090829,0.3668941979522184,0.019914651493598858,0.9957249732810827,0.6367753623188406,0.2586699759830599,98,4823,2795,12,0.39999999999999636,0.817274875295353,0.03064066852367686,0.9895104895104894,0.18581780538302278
4,Hernia,0.2870458662509918,0.29533547163009644,0.709,0.8333333333332639,0.6946604458268532,0.004226542688081148,0.9996270048489367,0.3061594202898551,0.28272183179300026,10,2356,5360,2,0.41666666666663194,0.8474598237428719,0.004230118443316409,0.9989306446684997,0.1529503105590062
4,Infiltration,0.30484551191329956,0.41241902112960815,0.666,0.9629111266620007,0.10398475948563263,0.196011396011396,0.9251412429378517,0.9083850931677019,0.17977276986067645,1376,5644,655,53,0.4002799160251922,0.8202889347515477,0.3356807511737087,0.8577357237715802,0.2204968944099379
4,Mass,0.3307894766330719,0.3701745271682739,0.673,0.9088471849865927,0.23521414004078856,0.05684104627766599,0.9807256235827659,0.7717391304347826,0.3048147871920658,339,5625,1730,34,0.40214477211796135,0.7728076138681168,0.08237232289950573,0.9622481801252749,0.23563664596273293
4,No Finding,0.5059818029403687,0.6072163581848145,0.73,0.8314093314093313,0.4859943977591035,0.6532501889644746,0.7122331691297206,0.6847826086956522,0.10066908105868484,3457,1835,1735,701,0.40067340067340057,0.8596638655462183,0.7688047992616517,0.5518791584247437,0.28040890269151136
4,Nodule,0.2478463053703308,0.29066866636276245,0.612,0.9999999999999976,0.004240766073871408,0.054306872807587364,0.9999999999999678,0.9959886128364389,0.22780083319245534,418,7279,31,0,0.4019138755980851,0.7377564979480163,0.08057553956834529,0.9556973241183766,0.26979813664596275
4,Pleural_Thickening,0.2726958394050598,0.31037428975105286,0.697,0.8526785714285676,0.4231076759061833,0.042256637168141584,0.9897132169576057,0.5848861283643892,0.2549910715648106,191,4329,3175,33,0.4017857142857125,0.8484808102345415,0.07334963325183369,0.9793877864943853,0.15877329192546583
4,Pneumonia,0.31212568283081055,0.3461602032184601,0.721,0.9062499999999906,0.3744758909853249,0.01789755194404443,0.9968608301360303,0.6290113871635611,0.3107044831473635,87,4774,2858,9,0.4062499999999958,0.843422431865828,0.031604538087520236,0.991222667077302,0.1596790890269151
4,Pneumothorax,0.3580455482006073,0.4288202226161957,0.755,0.8620689655172389,0.5791327913279132,0.08807985907222546,0.9888940305414158,0.44073498964803315,0.31672869631962747,300,3106,4274,48,0.4022988505747115,0.9132791327913278,0.17948717948717924,0.9700633275762808,0.10093167701863354
5,Atelectasis,0.39255842566490173,0.49741414189338684,0.753,0.8410194174757271,0.5130359212050984,0.17090012330456222,0.9643343316090387,0.5247153209109731,0.3039150442388179,693,3362,3542,131,0.4016990291262131,0.896002317497103,0.31553860819828383,0.9261865548734839,0.13574016563146998
5,Cardiomegaly,0.3278600871562958,0.3753873109817505,0.626,0.9259259259259217,0.32148562300319483,0.03775722106852935,0.9934183463595224,0.6854296066252588,0.31940053460066736,200,5097,2415,16,0.4027777777777759,0.8083067092651757,0.05697445972495085,0.9791969037252055,0.19759316770186336
5,Consolidation,0.3390559256076813,0.4342461824417114,0.782,0.9141104294478499,0.5140502566873817,0.07650834403080871,0.9926950169579961,0.5040113871635611,0.31553197707633795,298,3597,3805,28,0.40184049079754475,0.8611186165901107,0.11302847282139766,0.9703151164560815,0.14997412008281574
5,Edema,0.3476865291595459,0.4343882203102112,0.86,0.8874999999999945,0.732029598308668,0.06543778801843315,0.9967614249730117,0.2807971014492754,0.3086607049626161,142,2028,5540,18,0.3999999999999975,0.9504492600422831,0.14578587699316595,0.9868294690629715,0.056806418219461696
5,Effusion,0.43041881918907166,0.5514391660690308,0.839,0.8350168350168341,0.718151235922188,0.2785473605391238,0.970931382242436,0.3456262939958592,0.2868412828639798,744,1927,4910,147,0.40067340067340024,0.9416410706450197,0.4722222222222216,0.9234079173838209,0.09782608695652174
5,Emphysema,0.3191935420036316,0.41290491819381714,0.837,0.9036144578313199,0.5983866701930706,0.04706620646375901,0.9964765470160756,0.4123964803312629,0.30020768635792516,150,3037,4525,16,0.409638554216865,0.9747421317111874,0.2625482625482615,0.986879100281162,0.03351449275362319
5,Fibrosis,0.27127039432525635,0.2933313548564911,0.698,0.9090909090909008,0.370832239432922,0.020437359493153482,0.9964726631393295,0.6331521739130435,0.2643955498702408,100,4793,2825,10,0.39999999999999636,0.8349960619585192,0.033820138355111426,0.9897308230900885,0.1683488612836439
5,Hernia,0.29213017225265503,0.2944882810115814,0.716,0.8333333333332639,0.7404095386210471,0.00496770988574267,0.9996500437445318,0.26048136645962733,0.2871170256356275,10,2003,5713,2,0.41666666666663194,0.8004147226542249,0.0032362459546925546,0.9988678634966843,0.1999223602484472
5,Infiltration,0.2930910885334015,0.4251689016819,0.677,0.9727081875437362,0.10668360057151928,0.19809035200228015,0.9451476793248932,0.9079968944099379,0.1777196412011364,1390,5627,672,39,0.4009797060881733,0.8344181616129543,0.3545792079207919,0.8599476439790574,0.20910973084886128
5,Mass,0.31795358657836914,0.37032008171081543,0.699,0.8793565683646088,0.304418762746431,0.06024981631153563,0.980297723292469,0.7044513457556936,0.29472702038214077,328,5116,2239,45,0.40214477211796135,0.7971447994561521,0.09135200974421433,0.9633585277686492,0.21247412008281574
5,No Finding,0.5073161721229553,0.6538770198822021,0.747,0.8369408369408368,0.5117647058823528,0.6662837449741527,0.7293413173652692,0.6758540372670807,0.09780560112818613,3480,1743,1827,678,0.4001924001924001,0.8703081232492995,0.7823225199811938,0.5547223710051775,0.27523291925465837
5,Nodule,0.24656155705451965,0.29266881942749023,0.634,0.9999999999999976,0.009575923392612857,0.0545834421519979,0.9999999999999858,0.9909420289855072,0.22835075758073642,418,7240,70,0,0.4019138755980851,0.750205198358413,0.08425275827482444,0.9564004185559817,0.2580227743271222
5,Pleural_Thickening,0.2707342207431793,0.31390830874443054,0.737,0.8348214285714248,0.4617537313432835,0.04424988168480832,0.989434608794974,0.5468426501035196,0.253544295206666,187,4039,3465,37,0.4017857142857125,0.8554104477611939,0.07659574468085101,0.9795513505264762,0.15204451345755693
5,Pneumonia,0.31277158856391907,0.35345345735549927,0.732,0.8749999999999909,0.44929245283018865,0.019594121763470956,0.9965126416739317,0.5547360248447205,0.3117336386594899,84,4203,3429,12,0.4062499999999958,0.8362159329140461,0.03025601241272302,0.991147693741264,0.166796066252588
5,Pneumothorax,0.34030643105506897,0.43546798825263977,0.813,0.8620689655172389,0.6697831978319783,0.1096090610157106,0.9903826888399117,0.3541666666666667,0.29390346857586075,300,2437,4943,48,0.4022988505747115,0.951761517615176,0.28225806451612845,0.9712389380530972,0.06418219461697723
6,Atelectasis,0.38947436213493347,0.5073513984680176,0.76,0.8483009708737853,0.5168018539976824,0.17323420074349438,0.9661521797996206,0.5221273291925466,0.30380310671592964,699,3336,3568,125,0.4004854368932034,0.8988991888760138,0.32101167315175066,0.9262686567164178,0.13302277432712215
6,Cardiomegaly,0.3374461829662323,0.38898321986198425,0.705,0.8935185185185144,0.4716453674121405,0.046371936568957224,0.9935501962983733,0.5385610766045549,0.3185511616754729,193,3969,3543,23,0.4027777777777759,0.899094781682641,0.10295857988165669,0.9812581723085863,0.10934265010351966
6,Consolidation,0.33199378848075867,0.4414598047733307,0.79,0.9294478527607333,0.4897325047284517,0.07426470588235293,0.9936951754385962,0.5279503105590062,0.31501361866159594,303,3777,3625,23,0.40184049079754475,0.8717914077276411,0.1212962962962962,0.970667870036101,0.13975155279503104
6,Edema,0.34113961458206177,0.4605575501918793,0.873,0.9124999999999943,0.7085095137420718,0.06207482993197277,0.9973958333333331,0.30434782608695654,0.3110650427654911,146,2206,5362,14,0.3999999999999975,0.9603594080338266,0.17582417582417534,0.9869636067354697,0.04710144927536232
6,Effusion,0.38404494524002075,0.5733298659324646,0.853,0.8810325476992134,0.6434108527131782,0.24356189885200116,0.9764705882352939,0.41705486542443065,0.2858966005422313,785,2438,4399,106,0.40067340067340024,0.948661693725318,0.5042372881355925,0.9239316239316238,0.09161490683229814
6,Emphysema,0.31305837631225586,0.4494190216064453,0.866,0.8975903614457778,0.6826236445384818,0.05845429580227538,0.996717513033404,0.32983954451345754,0.2938228123908087,149,2400,5162,17,0.409638554216865,0.9805606982279819,0.3162790697674404,0.9869559430320776,0.027820910973084888
6,Fibrosis,0.27570289373397827,0.2960270047187805,0.718,0.8909090909090829,0.4067996849566815,0.021225904266839936,0.9961427193828348,0.5974378881987578,0.26739309477093426,98,4519,3099,12,0.39999999999999636,0.8355211341559463,0.0339244410177332,0.9897372103871869,0.1678312629399586
6,Hernia,0.29713064432144165,0.3006584048271179,0.713,0.8333333333332639,0.765552099533437,0.005497526113249035,0.9996615332543576,0.23537784679089027,0.2915853699572832,10,1809,5907,2,0.41666666666663194,0.8621047174701917,0.0046772684752104735,0.9989487911097761,0.13832815734989648
6,Infiltration,0.2910440266132355,0.43381762504577637,0.683,0.9734079776067174,0.10906493094141925,0.19862915893188632,0.9475862068965504,0.9061853002070394,0.1801535487676321,1391,5612,687,38,0.4002799160251922,0.839022066994761,0.3606557377049178,0.8604689026375772,0.20522774327122154
6,Mass,0.3073505759239197,0.3790198266506195,0.715,0.9088471849865927,0.25465669612508496,0.058237416251503166,0.9821709491347662,0.7532349896480331,0.2925361225470191,339,5482,1873,34,0.40482573726541443,0.8161794697484703,0.10046573519627405,0.9643373493975902,0.19448757763975155
6,No Finding,0.5035777688026428,0.6711205840110779,0.753,0.8427128427128425,0.5165266106442575,0.6699808795411089,0.7381905524419533,0.67675983436853,0.089621288003882,3504,1726,1844,654,0.40067340067340057,0.8731092436974788,0.7862199150542706,0.5557140310215724,0.2741977225672878
6,Nodule,0.24712777137756348,0.293616384267807,0.649,0.9999999999999976,0.007934336525307796,0.0544980443285528,0.9999999999999827,0.9924948240165632,0.2300697538546647,418,7252,58,0,0.4019138755980851,0.7411764705882352,0.08155339805825239,0.9558927311220887,0.2665631469979296
6,Pleural_Thickening,0.26080676913261414,0.32302016019821167,0.754,0.9330357142857102,0.28051705756929635,0.0372681883024251,0.9929245283018864,0.7256728778467909,0.2540321724593454,209,5399,2105,15,0.4017857142857125,0.8731343283582088,0.08637236084452968,0.9799581214478013,0.1348343685300207
6,Pneumonia,0.31479987502098083,0.36544057726860046,0.741,0.8541666666666579,0.46816037735849053,0.0198019801980198,0.9960970170058542,0.535843685300207,0.3134483721253788,82,4059,3573,14,0.4062499999999958,0.8840408805031446,0.04220779220779216,0.9916225749559081,0.11956521739130435
6,Pneumothorax,0.32900482416152954,0.4625840187072754,0.833,0.8936781609195376,0.6594850948509484,0.11012747875354104,0.9924551386623163,0.36542443064182195,0.29080304997446743,311,2513,4867,37,0.4022988505747115,0.9696476964769647,0.3846153846153835,0.9717544812601846,0.04710144927536232
7,Atelectasis,0.38128942251205444,0.5154780149459839,0.768,0.8749999999999989,0.4849362688296639,0.16857610474631748,0.9701535786728482,0.5534420289855072,0.30531290829119967,721,3556,3348,103,0.4004854368932034,0.9093279258400926,0.3451882845188281,0.9270525694034257,0.12370600414078675
7,Cardiomegaly,0.3386213183403015,0.4146914780139923,0.802,0.9120370370370329,0.547923322683706,0.05482883384358474,0.9954050785973395,0.4649327122153209,0.31522875032763675,197,3396,4116,19,0.4027777777777759,0.9464856230031947,0.1779141104294475,0.9821798590965601,0.06327639751552795
7,Consolidation,0.33735713362693787,0.44674229621887207,0.793,0.9171779141104266,0.5164820318832747,0.07710159876224856,0.9929870129870128,0.5018115942028986,0.3162580920657139,299,3579,3823,27,0.40184049079754475,0.888813834098892,0.13731656184486357,0.9712134632418068,0.1234472049689441
7,Edema,0.32954123616218567,0.466886043548584,0.878,0.9312499999999942,0.6584302325581395,0.054498902706656895,0.9977973568281937,0.3537784679089027,0.31092227994238736,149,2585,4983,11,0.3999999999999975,0.9594344608879491,0.17250673854447393,0.9869512029359793,0.04800724637681159
7,Effusion,0.3867238461971283,0.5904067754745483,0.86,0.8888888888888878,0.6523328945443907,0.2499211107604922,0.9782847115595523,0.4100672877846791,0.2901452094216216,792,2377,4460,99,0.40067340067340024,0.9510019014187507,0.5158959537572246,0.9241046048891415,0.08954451345755693
7,Emphysema,0.31489869952201843,0.5074352025985718,0.874,0.8855421686746935,0.7524464427400158,0.07280832095096579,0.9966719215274127,0.26125776397515527,0.29430929929650473,147,1872,5690,19,0.4036144578313229,0.9874371859296481,0.4135802469135777,0.9869151467089611,0.02096273291925466
7,Fibrosis,0.2731439471244812,0.2973066568374634,0.73,0.8999999999999918,0.3448411656602782,0.019449901768172885,0.9958301743745258,0.6586438923395446,0.2675349796094448,99,4991,2627,11,0.39999999999999636,0.8382777631924389,0.034482758620689634,0.9897706137631741,0.16511387163561075
7,Hernia,0.2936621606349945,0.30006369948387146,0.706,0.8333333333332639,0.6483929497148782,0.003672420124862283,0.9996003996003994,0.3523550724637681,0.2906420548479256,10,2713,5003,2,0.41666666666663194,0.8652151373768792,0.0047846889952153065,0.9989525662127785,0.13522256728778467
7,Infiltration,0.29310116171836853,0.4417359530925751,0.686,0.9692092372288308,0.11732020955707254,0.19942404607631387,0.9438058748403564,0.8986801242236024,0.18362121840102086,1385,5560,739,44,0.4009797060881733,0.8450547705985075,0.36991607488702366,0.8614662566758374,0.2004399585921325
7,Mass,0.3071424961090088,0.3899168074131012,0.735,0.8900804289544212,0.3226376614547926,0.06247647722995859,0.9830157415078704,0.6876293995859213,0.290917057713675,332,4982,2373,41,0.40214477211796135,0.8532970768184908,0.12205044751830747,0.9656870287736573,0.15903209109730848
7,No Finding,0.5068536996841431,0.6727265119552612,0.754,0.8328523328523326,0.5355742296918766,0.6762351103300136,0.7334100498657458,0.6626552795031055,0.08768571691113229,3463,1658,1912,695,0.40067340067340057,0.8711484593837533,0.7836312323612414,0.5551588718314887,0.2751035196687371
7,Nodule,0.26371821761131287,0.299282968044281,0.663,0.9138755980861222,0.19480164158686727,0.060944479897894054,0.9753424657534241,0.8110766045548654,0.2326799555051123,382,5886,1424,36,0.4019138755980851,0.7567715458276333,0.08633093525179852,0.9567623659633343,0.25181159420289856
7,Pleural_Thickening,0.2653456926345825,0.33223384618759155,0.765,0.8883928571428532,0.3804637526652452,0.04104785478547854,0.9913194444444441,0.6273291925465838,0.25569003117588923,199,4649,2855,25,0.4017857142857125,0.8897921108742003,0.09814612868047971,0.980325943326971,0.11865942028985507
7,Pneumonia,0.3021427392959595,0.37201982736587524,0.745,0.9791666666666565,0.23689727463312366,0.015883744508279823,0.9988950276243089,0.7657867494824017,0.31524187678906984,94,5824,1808,2,0.4062499999999958,0.8886268343815512,0.04386951631046114,0.9916654481649363,0.11503623188405797
7,Pneumothorax,0.3320593535900116,0.49880778789520264,0.844,0.8821839080459745,0.692140921409214,0.11903838697169442,0.9920372887939404,0.3337215320910973,0.2927962320068115,307,2272,5108,41,0.4022988505747115,0.971951219512195,0.40345821325648296,0.9718195366481506,0.04490165631469979
8,Atelectasis,0.377685546875,0.5203362107276917,0.77,0.8859223300970863,0.4873986095017381,0.1710002342468962,0.9728245157559986,0.5524068322981367,0.3042314626955221,730,3539,3365,94,0.4004854368932034,0.9117902665121668,0.3514376996805108,0.9272352334659006,0.12150621118012422
8,Cardiomegaly,0.3457910120487213,0.44952744245529175,0.856,0.898148148148144,0.6585463258785942,0.07031533164189921,0.9955725498088145,0.3570134575569358,0.3146837362846047,194,2565,4947,22,0.4027777777777759,0.9615282215122469,0.23138297872340363,0.9824537540805222,0.048654244306418216
8,Consolidation,0.32670846581459045,0.44752031564712524,0.795,0.9386503067484633,0.4648743582815455,0.07171314741035854,0.9942213233169601,0.552148033126294,0.31627382267089116,306,3961,3441,20,0.40184049079754475,0.8892191299648743,0.13774973711882216,0.9712262062859671,0.12305900621118013
8,Edema,0.3358767330646515,0.47157227993011475,0.884,0.9062499999999943,0.7159090909090908,0.06318082788671021,0.9972390944229705,0.296972049689441,0.3098435253791866,145,2150,5418,15,0.3999999999999975,0.9606236786469343,0.17679558011049673,0.9869671463480857,0.04684265010351967
8,Effusion,0.3865678012371063,0.6013702750205994,0.863,0.8945005611672268,0.6600848325288868,0.2553668695930791,0.9795962665509006,0.4038561076604555,0.29035523602079527,797,2324,4513,94,0.40067340067340024,0.9530495831505045,0.5265486725663708,0.9242553191489361,0.08773291925465838
8,Emphysema,0.3102416694164276,0.5362390279769897,0.878,0.9036144578313199,0.708939434012166,0.0638026371756699,0.9970243630277105,0.3042184265010352,0.2944254809701295,150,2201,5361,16,0.4036144578313229,0.991801110817244,0.5193798449612363,0.986971969996052,0.016692546583850932
8,Fibrosis,0.2793196737766266,0.2953820824623108,0.736,0.8454545454545378,0.4976371751115778,0.02372448979591836,0.9955357142857141,0.5072463768115942,0.26894322909630725,93,3827,3791,17,0.39999999999999636,0.8121554213704384,0.029830508474576252,0.9894450663681431,0.19086438923395446
8,Hernia,0.2903265058994293,0.301403284072876,0.714,0.9999999999999166,0.3238724727838258,0.002294893861158921,0.9999999999999997,0.6766304347826086,0.29191454370384634,12,5217,2499,0,0.41666666666663194,0.8925609123898391,0.005995203836930448,0.9989846243109949,0.10791925465838509
8,Infiltration,0.3025898039340973,0.4426710307598114,0.689,0.9146256123163046,0.23210033338625174,0.21272786458333331,0.9229797979797975,0.7950310559006211,0.18362671719173712,1307,4837,1462,122,0.4002799160251922,0.8442609938085409,0.3683193818415967,0.8612145748987853,0.2009575569358178
8,Mass,0.3105083405971527,0.40479108691215515,0.755,0.8686327077747965,0.39918422841604345,0.06831119544592029,0.98358458961474,0.6137422360248447,0.29210235283364916,324,4419,2936,49,0.40214477211796135,0.8861998640380693,0.15197568389057736,0.9669188547693219,0.12771739130434784
8,No Finding,0.5111328959465027,0.6749320030212402,0.755,0.8265993265993264,0.5478991596638654,0.6804593149871312,0.7306686589465817,0.6535973084886129,0.0892604941745167,3437,1614,1956,721,0.40067340067340057,0.8731092436974788,0.7862199150542706,0.5557140310215724,0.2741977225672878
8,Nodule,0.2630453407764435,0.30648985505104065,0.672,0.9330143540669834,0.17783857729138164,0.06093749999999999,0.9789156626506017,0.8281573498964804,0.23395654317145823,390,6010,1300,28,0.4019138755980851,0.8030095759233925,0.10447761194029845,0.9591503267973854,0.2080745341614907
8,Pleural_Thickening,0.2745678424835205,0.33992791175842285,0.772,0.8080357142857107,0.5502398720682302,0.05089988751406073,0.9896931927133267,0.4601449275362319,0.25666122055201795,181,3375,4129,43,0.4017857142857125,0.9008528784648187,0.10791366906474807,0.9805628082390483,0.10791925465838509
8,Pneumonia,0.30449068546295166,0.37266039848327637,0.744,0.9479166666666569,0.265461215932914,0.015973319290854833,0.9975381585425894,0.7371894409937888,0.3152804614833361,91,5606,2026,5,0.4062499999999958,0.892033542976939,0.04519119351100806,0.9916970138383101,0.11167184265010352
8,Pneumothorax,0.328252911567688,0.5249886512756348,0.853,0.8936781609195376,0.6701897018970189,0.11329690346083784,0.992574754164158,0.35520186335403725,0.29489037080226355,311,2434,4946,37,0.40517241379310226,0.9745257452574525,0.4285714285714272,0.9720232463846464,0.042572463768115944
9,Atelectasis,0.37915343046188354,0.5259280204772949,0.778,0.8810679611650475,0.505938586326767,0.17548948513415516,0.9727095516569199,0.5353260869565217,0.30315014092525466,726,3411,3493,98,0.4004854368932034,0.9174391657010428,0.36666666666666625,0.927650849443468,0.11645962732919254
9,Cardiomegaly,0.33118271827697754,0.46684348583221436,0.877,0.9444444444444401,0.5921192758253461,0.062423500611995086,0.9973094170403586,0.42287784679089024,0.3116021777655521,204,3064,4448,12,0.4027777777777759,0.9665867944621938,0.2573964497041412,0.9825439783491203,0.043737060041407864
9,Consolidation,0.3287028968334198,0.45192503929138184,0.798,0.9386503067484633,0.4629829775736287,0.07147862648913804,0.9941978532056859,0.5539596273291926,0.31831582481384774,306,3975,3427,20,0.40184049079754475,0.8978654417724938,0.14768883878241246,0.9714953954100276,0.11477743271221533
9,Edema,0.33949989080429077,0.4721854031085968,0.886,0.9062499999999943,0.7336152219873149,0.06709856547894491,0.9973055505658343,0.2796325051759834,0.3106856982129208,145,2016,5552,15,0.3999999999999975,0.9577167019027483,0.1666666666666662,0.9869281045751632,0.049689440993788817
9,Effusion,0.4093037247657776,0.6079779267311096,0.867,0.8787878787878778,0.7073277753400613,0.2812499999999999,0.978155339805825,0.36024844720496896,0.29317651889585805,783,2001,4836,108,0.4051627384960714,0.9505631124762322,0.5164520743919878,0.924598093612178,0.09045031055900621
9,Emphysema,0.3181616961956024,0.5577754974365234,0.886,0.8915662650602356,0.7881512827294366,0.08457142857142853,0.9969889595182334,0.22644927536231885,0.2955811555819359,148,1602,5960,18,0.4036144578313229,0.9923300714096799,0.5359999999999957,0.9869788241483624,0.016174948240165632
9,Fibrosis,0.27908629179000854,0.2968986928462982,0.733,0.8636363636363559,0.5068259385665529,0.024662512980269984,0.996130030959752,0.4984472049689441,0.26893069886642956,95,3757,3861,15,0.39999999999999636,0.8315830926752428,0.03315749811605122,0.9896891110763941,0.17171325051759834
9,Hernia,0.2934885621070862,0.3029702603816986,0.744,0.9999999999999166,0.4765422498703991,0.0029622315477659832,0.9999999999999998,0.5241977225672878,0.292909587746945,12,4039,3677,0,0.41666666666663194,0.9182218766200103,0.007861635220125774,0.9990129723632261,0.08229813664596274
9,Infiltration,0.3039470613002777,0.4478890001773834,0.693,0.9034289713086069,0.2554373710112716,0.21585019227553917,0.9210074413279904,0.7739389233954451,0.1849316243317526,1291,4690,1609,138,0.4002799160251922,0.8455310366724875,0.37022653721682824,0.8613941452369399,0.1999223602484472
9,Mass,0.3068575859069824,0.4152369201183319,0.768,0.8981233243967803,0.35472467709041466,0.06593190316866758,0.9856441254250091,0.6574792960662525,0.2924918237703372,335,4746,2609,38,0.40214477211796135,0.9061862678450033,0.17857142857142835,0.9676248548199766,0.10869565217391304
9,No Finding,0.4841826558113098,0.6755181550979614,0.756,0.8489658489658488,0.5064425770308122,0.667044595616024,0.7422003284072247,0.6847826086956522,0.09045819577030205,3530,1762,1808,628,0.40043290043290036,0.875910364145658,0.7898481973434531,0.5564056939501778,0.2727743271221532
9,Nodule,0.25982823967933655,0.3073144257068634,0.679,0.9569377990430599,0.14350205198358412,0.06005104338687884,0.9831302717900647,0.8619306418219461,0.23409028200906998,400,6261,1049,18,0.4019138755980851,0.8079343365253077,0.10687022900763353,0.9593892137751785,0.20341614906832298
9,Pleural_Thickening,0.27325883507728577,0.3439251482486725,0.777,0.8214285714285677,0.5530383795309167,0.05200678349349914,0.9904534606205249,0.45781573498964806,0.25601199169028127,184,3354,4150,40,0.4017857142857125,0.9061833688699359,0.11335012594458424,0.9806749351023939,0.1027432712215321
9,Pneumonia,0.30607688426971436,0.3741517663002014,0.747,0.9479166666666569,0.26179245283018865,0.015895196506550215,0.9975037443834244,0.7408126293995859,0.3165585458139825,91,5634,1998,5,0.4062499999999958,0.8917714884696015,0.04508670520231209,0.9916945942007866,0.11193064182194618
9,Pneumothorax,0.3371511697769165,0.536932110786438,0.857,0.8706896551724113,0.7222222222222221,0.1287717807054823,0.991627906976744,0.3044772256728778,0.2963215670399908,303,2050,5330,45,0.4022988505747115,0.9750677506775066,0.4320987654320974,0.9719070772555374,0.04192546583850932
10,Atelectasis,0.3865484893321991,0.5323964357376099,0.783,0.8652912621359212,0.5407010428736964,0.18357363542739438,0.9711238293444326,0.5025879917184265,0.3036189897691611,713,3171,3733,111,0.4004854368932034,0.9194669756662803,0.37246049661399505,0.92779888921368,0.114648033126294
10,Cardiomegaly,0.3311972916126251,0.4953573942184448,0.892,0.9398148148148104,0.6284611288604898,0.06780227120908482,0.9972539079002956,0.38742236024844723,0.3108290145771412,203,2791,4721,13,0.4027777777777759,0.9721778487752928,0.2939189189189179,0.982642626480086,0.038302277432712216
10,Consolidation,0.3423997759819031,0.45320937037467957,0.8,0.8957055214723898,0.5433666576600918,0.07952069716775598,0.9916173570019722,0.4751552795031056,0.31796564447151704,292,3380,4022,34,0.40184049079754475,0.9040799783842204,0.15576694411414962,0.9716857848119644,0.10882505175983437
10,Edema,0.3407854437828064,0.4715777635574341,0.888,0.9062499999999943,0.7422040169133192,0.06917938931297707,0.9973366477272726,0.2712215320910973,0.3103786110877991,145,1951,5617,15,0.3999999999999975,0.9571881606765327,0.16494845360824698,0.9869209809264304,0.05020703933747412
10,Effusion,0.41069498658180237,0.62083899974823,0.868,0.8843995510662167,0.7058651455316658,0.2815291175419792,0.9791032663826332,0.3621894409937888,0.29558327904753934,788,2011,4826,103,0.401795735129068,0.9545122129589,0.5351270553064267,0.9244935543278083,0.08656832298136646
10,Emphysema,0.31991955637931824,0.5753676891326904,0.887,0.8855421686746935,0.8008463369478973,0.0889292196007259,0.9968724279835389,0.2138975155279503,0.29594962537581754,147,1506,6056,19,0.4036144578313229,0.9927267918540068,0.549180327868848,0.9869839600315539,0.015786749482401656
10,Fibrosis,0.2807164192199707,0.2976846992969513,0.743,0.8272727272727198,0.5636650039380414,0.026647144948755485,0.9955947136563874,0.44189958592132506,0.26897461325177,91,3324,4294,19,0.39999999999999636,0.8407718561302178,0.035003977724741425,0.9898006490496057,0.1626552795031056
10,Hernia,0.29378649592399597,0.30319228768348694,0.726,0.9999999999999166,0.4339035769828926,0.00273972602739726,0.9999999999999998,0.5667701863354038,0.29369733975062584,12,4368,3348,0,0.41666666666663194,0.9161482633488853,0.007668711656441706,0.9990107405313735,0.08436853002070394
10,Infiltration,0.3011057376861572,0.45059508085250854,0.697,0.9090272918124557,0.24146689950785835,0.21375678788876087,0.9212598425196845,0.7863612836438924,0.18605679006163442,1299,4778,1521,130,0.4002799160251922,0.8442609938085409,0.3683193818415967,0.8612145748987853,0.2009575569358178
10,Mass,0.3128848373889923,0.4229361116886139,0.782,0.8579088471849843,0.45152957171991837,0.07349563619660081,0.9842916419679902,0.5634057971014492,0.29250426047846023,320,4034,3321,53,0.40214477211796135,0.9176070700203942,0.19841269841269815,0.9680149168100974,0.09782608695652174
10,No Finding,0.48732301592826843,0.6793512105941772,0.758,0.8436748436748435,0.5193277310924368,0.6715160796324654,0.7404153354632586,0.6759834368530021,0.09144153787636855,3508,1716,1854,650,0.4013949013949013,0.8767507002801118,0.7913703176861068,0.5570386189713471,0.27290372670807456
10,Nodule,0.25940418243408203,0.3082035481929779,0.683,0.9521531100478445,0.15294117647058822,0.06039453717754172,0.982425307557117,0.852743271221532,0.2340149603259613,398,6192,1118,20,0.4019138755980851,0.8147742818057454,0.11038107752956629,0.9597164034805026,0.19694616977225674
10,Pleural_Thickening,0.2715272605419159,0.3509673476219177,0.781,0.8348214285714248,0.5283848614072494,0.050187869028448726,0.9907546226886554,0.48214285714285715,0.25664911262583046,187,3539,3965,37,0.4017857142857125,0.9151119402985074,0.1237964236588719,0.9808598771604056,0.09407349896480331
10,Pneumonia,0.3132510185241699,0.37535011768341064,0.743,0.8645833333333244,0.43173480083857435,0.01877828054298642,0.9960701330108824,0.5719461697722568,0.3162365370578524,83,4337,3295,13,0.4062499999999958,0.8917714884696015,0.04508670520231209,0.9916945942007866,0.11193064182194618
10,Pneumothorax,0.3315030336380005,0.5532844066619873,0.857,0.8821839080459745,0.6976964769647696,0.12096138691883368,0.9921001926782271,0.328416149068323,0.29651713148762104,307,2231,5149,41,0.4022988505747115,0.9762872628726286,0.444444444444443,0.9719411844057735,0.04076086956521739
11,Atelectasis,0.3866382837295532,0.5355448126792908,0.787,0.8677184466019406,0.5479432213209733,0.18639207507820643,0.9719938335046246,0.4963768115942029,0.30176116118890156,715,3121,3783,109,0.4004854368932034,0.9210602549246812,0.3771428571428567,0.927914781847366,0.11322463768115942
11,Cardiomegaly,0.3437212109565735,0.507683515548706,0.898,0.8935185185185144,0.7418796592119274,0.09052532833020634,0.9958899213724087,0.275879917184265,0.3080972392790744,193,1939,5573,23,0.4027777777777759,0.9741746538871139,0.3096085409252658,0.9826775882905867,0.036361283643892336
11,Consolidation,0.3364570736885071,0.45422032475471497,0.8,0.9110429447852733,0.5216157795190488,0.07738405419489315,0.9925449871465293,0.49663561076604557,0.31741749207579817,297,3541,3861,29,0.40184049079754475,0.9067819508241015,0.15956151035322758,0.971767771825684,0.10623706004140787
11,Edema,0.3245276212692261,0.474662184715271,0.888,0.9312499999999942,0.6855179704016913,0.05891656781336495,0.9978842085016347,0.32725155279503104,0.30892200139785037,149,2380,5188,11,0.3999999999999975,0.9583773784355178,0.16886543535620008,0.9869369982310517,0.04904244306418219
11,Effusion,0.41534295678138733,0.6218346953392029,0.867,0.87766554433221,0.7238554921749304,0.29288389513108604,0.9784499802293395,0.3454968944099379,0.29205273962184386,782,1888,4949,109,0.401795735129068,0.9521720052654672,0.5226277372262766,0.9243220218656821,0.08863871635610766
11,Emphysema,0.3188510537147522,0.5859357118606567,0.89,0.8975903614457778,0.8012430573922242,0.09019370460048422,0.9972021066491111,0.213768115942029,0.2951918512960707,149,1503,6059,17,0.4036144578313229,0.9924623115577889,0.5403225806451569,0.9869805365597053,0.016045548654244308
11,Fibrosis,0.2808329463005066,0.2982931137084961,0.745,0.8181818181818108,0.5832239432922026,0.02756508422664624,0.9955187093883037,0.4224896480331263,0.26851801135756587,90,3175,4443,20,0.39999999999999636,0.8422158046731425,0.03531300160513641,0.9898179574205491,0.161231884057971
11,Hernia,0.2949759066104889,0.3028695285320282,0.749,0.9999999999999166,0.5377138413685847,0.0033528918692372163,0.9999999999999998,0.46312111801242234,0.29356009678579637,12,3567,4149,0,0.41666666666663194,0.9085018144116122,0.007032348804500693,0.9990024226877582,0.09200310559006211
11,Infiltration,0.2992706894874573,0.45345455408096313,0.7,0.9055283414975501,0.25146848706143826,0.2153436511898818,0.921465968586387,0.7775621118012422,0.18504197123088328,1294,4715,1584,135,0.4002799160251922,0.8421971741546276,0.3652618135376754,0.8609217786432976,0.20263975155279504
11,Mass,0.30223357677459717,0.42792269587516785,0.794,0.919571045576405,0.3507817811012916,0.06701836654943336,0.9885057471264365,0.6622670807453416,0.29121797671445165,343,4775,2580,30,0.40214477211796135,0.9253569000679809,0.21459227467811126,0.968274292217954,0.09045031055900621
11,No Finding,0.5063995718955994,0.681732714176178,0.76,0.8229918229918228,0.5635854341736694,0.68714859437751,0.73216885007278,0.6444099378881988,0.08528223855124004,3422,1558,2012,736,0.4001924001924001,0.883473389355742,0.7999999999999996,0.5584277620396599,0.2691511387163561
11,Nodule,0.26272469758987427,0.3107152283191681,0.684,0.8995215311004763,0.2626538987688098,0.06520985084980922,0.9785932721712534,0.7461180124223602,0.23357730684705524,376,5390,1920,42,0.4019138755980851,0.8302325581395348,0.11923349893541511,0.9604367779711979,0.182324016563147
11,Pleural_Thickening,0.26624831557273865,0.352687805891037,0.785,0.861607142857139,0.4776119402985074,0.04692438609287623,0.991424619640387,0.53222049689441,0.25572876966564184,193,3920,3584,31,0.4017857142857125,0.9125799573560767,0.12064343163538857,0.9808077914637638,0.0965320910973085
11,Pneumonia,0.3156033754348755,0.37429144978523254,0.742,0.8437499999999912,0.4880765199161425,0.02031093279839518,0.995989304812834,0.5160455486542443,0.31545885781879013,81,3907,3725,15,0.4062499999999958,0.8928197064989517,0.04550758459743285,0.9917042642992285,0.11089544513457557
11,Pneumothorax,0.32387775182724,0.5575751066207886,0.858,0.9051724137931008,0.6501355013550135,0.10873317224715219,0.9931691161250257,0.37487060041407866,0.29583772608536,315,2582,4798,33,0.4022988505747115,0.9766937669376693,0.44871794871794723,0.9719525350593311,0.040372670807453416
12,Atelectasis,0.3743591904640198,0.539978563785553,0.793,0.8907766990291252,0.5020278099652374,0.17593480345158194,0.9746906636670414,0.5398550724637681,0.302443805522831,734,3438,3466,90,0.4004854368932034,0.9212050984936268,0.3775743707093817,0.9279252990954187,0.1130952380952381
12,Cardiomegaly,0.33269545435905457,0.509267270565033,0.903,0.9305555555555513,0.687699680511182,0.07891637220259126,0.9971048060220034,0.3295807453416149,0.30840924231424216,201,2346,5166,15,0.40740740740740555,0.9724440894568689,0.2983050847457617,0.9827794968384231,0.03817287784679089
12,Consolidation,0.333449125289917,0.45267871022224426,0.798,0.9141104294478499,0.5006754931099702,0.0746119178768152,0.9925013390465985,0.5168219461697723,0.31805105869876177,298,3696,3706,28,0.40184049079754475,0.900702512834369,0.1512702078521938,0.9715826289711453,0.11206004140786749
12,Edema,0.3250429034233093,0.4637415111064911,0.888,0.9312499999999942,0.6971458773784355,0.06104055714870952,0.9979194250047284,0.31586438923395443,0.3084961839876375,149,2292,5276,11,0.3999999999999975,0.9526955602536997,0.15165876777251147,0.9868601149739938,0.05460662525879917
12,Effusion,0.41981983184814453,0.624787449836731,0.868,0.8720538720538711,0.7390668421822436,0.3033971105037094,0.9779369072963033,0.33139233954451347,0.29240789037683734,777,1784,5053,114,0.401795735129068,0.9504168494953926,0.513629842180774,0.9241928601905844,0.09019151138716357
12,Emphysema,0.3208501935005188,0.5901849865913391,0.893,0.8855421686746935,0.8288812483469981,0.10201249132546836,0.996977890885955,0.1864648033126294,0.2946182847154128,147,1294,6268,19,0.4036144578313229,0.9928590320021157,0.5537190082644583,0.9869856710924148,0.015657349896480332
12,Fibrosis,0.2779894173145294,0.2991544306278229,0.75,0.8545454545454468,0.5231031766867944,0.025221357660316603,0.9960009997500623,0.4822722567287785,0.26823031504331907,94,3633,3985,16,0.39999999999999636,0.8544237332633237,0.0381613183000867,0.9899619771863116,0.14919772256728778
12,Hernia,0.2952899932861328,0.30346304178237915,0.751,0.9999999999999166,0.5304561949196475,0.003301237964236588,0.9999999999999998,0.4703674948240166,0.29380070080298076,12,3623,4093,0,0.41666666666663194,0.9278123379989631,0.008896797153024895,0.9990231649455762,0.07272256728778467
12,Infiltration,0.3020012080669403,0.45139873027801514,0.704,0.8992302309307202,0.2746467693284648,0.2195080286983259,0.9231590181430092,0.7575051759834368,0.18525537971299194,1285,4569,1730,144,0.4002799160251922,0.8421971741546276,0.3652618135376754,0.8609217786432976,0.20263975155279504
12,Mass,0.30334174633026123,0.42564162611961365,0.803,0.9142091152814988,0.37335146159075455,0.06888888888888887,0.9884809215262775,0.640527950310559,0.29006108330026675,341,4609,2746,32,0.40214477211796135,0.9256288239292997,0.2152080344332852,0.9682833167401507,0.09019151138716357
12,No Finding,0.5107412934303284,0.6815133690834045,0.761,0.8164983164983163,0.5747899159663864,0.6910238143700386,0.7289520426287742,0.63574016563147,0.0856625726755022,3395,1518,2052,763,0.4001924001924001,0.8840336134453779,0.8007699711260824,0.5585840707964601,0.26889233954451347
12,Nodule,0.26347631216049194,0.3090049624443054,0.693,0.880382775119615,0.30396716826265385,0.06744868035190615,0.9779929577464784,0.7060041407867494,0.23281039925403968,368,5088,2222,50,0.4019138755980851,0.8336525307797537,0.12138728323699415,0.9605926860025219,0.17908902691511386
12,Pleural_Thickening,0.260322242975235,0.35586705803871155,0.787,0.9017857142857103,0.4124466950959488,0.043808284536976785,0.9929419313442409,0.5966614906832298,0.2547303829342127,202,4409,3095,22,0.4062499999999982,0.911913646055437,0.12101063829787218,0.9809346330275228,0.09730848861283643
12,Pneumonia,0.32445028424263,0.3724851906299591,0.74,0.7604166666666587,0.6367924528301886,0.025659050966608078,0.9952897808724143,0.3681418219461698,0.3147885074248966,73,2772,4860,23,0.4062499999999958,0.8950471698113206,0.046428571428571375,0.991724738675958,0.10869565217391304
12,Pneumothorax,0.3299039304256439,0.5619047284126282,0.86,0.887931034482756,0.7031165311653116,0.12359999999999996,0.9925401683244068,0.32349896480331264,0.2959269579985867,309,2191,5189,39,0.4022988505747115,0.9768292682926828,0.45016077170417856,0.9719563165700417,0.04024327122153209
13,Atelectasis,0.38396549224853516,0.5422825217247009,0.793,0.8737864077669892,0.5521436848203939,0.18887722980062954,0.9734422880490294,0.4932712215320911,0.3004065923716711,720,3092,3812,104,0.4029126213592228,0.922363847045191,0.3824884792626724,0.928279883381924,0.11231884057971014
13,Cardiomegaly,0.32916709780693054,0.5128070116043091,0.904,0.9305555555555513,0.6920926517571884,0.07995226730310259,0.9971231300345222,0.3253105590062112,0.3057100773204743,201,2313,5199,15,0.4027777777777759,0.9749733759318423,0.3163636363636352,0.9826915336106264,0.03558488612836439
13,Consolidation,0.32757896184921265,0.45074301958084106,0.797,0.9294478527607333,0.47000810591731956,0.07169900615238996,0.9934323243860649,0.5468426501035196,0.31572842826646436,303,3923,3479,23,0.40184049079754475,0.9047554714941907,0.15669856459330125,0.9717063261752755,0.10817805383022774
13,Edema,0.321211576461792,0.4654875099658966,0.886,0.9437499999999941,0.6839323467230443,0.05937868659064095,0.9982642237222756,0.3290631469979296,0.3073056680584176,151,2392,5176,9,0.4062499999999975,0.953620507399577,0.1562499999999996,0.987007658643326,0.053830227743271224
13,Effusion,0.42154350876808167,0.6283617615699768,0.868,0.8675645342312,0.7517917215152844,0.3129554655870444,0.9775580068467096,0.3196169772256729,0.2899006809499384,773,1697,5140,118,0.40067340067340024,0.9507093754570717,0.5144092219020165,0.9240830253056581,0.08980331262939958
13,Emphysema,0.31923869252204895,0.5975028276443481,0.897,0.8795180722891514,0.821608040201005,0.09765886287625412,0.9967912722605485,0.19345238095238096,0.2936061328589361,146,1349,6213,20,0.4036144578313229,0.9928590320021157,0.5537190082644583,0.9869856710924148,0.015657349896480332
13,Fibrosis,0.27941739559173584,0.2987802028656006,0.753,0.8363636363636288,0.5719348910475189,0.027438115120787348,0.995885714285714,0.4338768115942029,0.26783585348253297,92,3261,4357,18,0.39999999999999636,0.8527172486216854,0.037735849056603744,0.9899420908259675,0.15087991718426502
13,Hernia,0.29602766036987305,0.3040703237056732,0.735,0.9999999999999166,0.6082166925868325,0.003953871499176275,0.9999999999999998,0.3927277432712215,0.2934137605685995,12,3023,4693,0,0.41666666666663194,0.9524364955935717,0.013440860215053727,0.9990483958673191,0.04813664596273292
13,Infiltration,0.30021461844444275,0.45081207156181335,0.704,0.8964310706787958,0.2809969836481981,0.22048192771084335,0.922836287799791,0.7518115942028986,0.18286813918585978,1281,4529,1770,148,0.4002799160251922,0.8442609938085409,0.3683193818415967,0.8612145748987853,0.2009575569358178
13,Mass,0.30467700958251953,0.4215475022792816,0.808,0.9061662198391396,0.39537729435757984,0.07063740856844304,0.988107373428474,0.6191770186335404,0.28810298624091757,338,4447,2908,35,0.40214477211796135,0.930659415363698,0.22727272727272693,0.9684493491794,0.08540372670807453
13,No Finding,0.506172776222229,0.6900590658187866,0.762,0.8253968253968252,0.5596638655462184,0.685851318944844,0.7334801762114534,0.6475155279503105,0.08131520176695865,3432,1572,1998,726,0.40043290043290036,0.8848739495798317,0.8020231213872829,0.5589171974522292,0.2686335403726708
13,Nodule,0.26129287481307983,0.30502504110336304,0.696,0.8923444976076533,0.28604651162790695,0.06670243204577968,0.9789325842696625,0.7236024844720497,0.23112105920825995,373,5219,2091,45,0.4019138755980851,0.8291381668946647,0.1185603387438249,0.9603866265251148,0.1833592132505176
13,Pleural_Thickening,0.261048823595047,0.35116228461265564,0.792,0.8839285714285675,0.47481343283582084,0.04783764194249818,0.9927556422401781,0.5355848861283644,0.25228944015120375,198,3941,3563,26,0.4017857142857125,0.9132462686567163,0.12145748987854234,0.980821525690568,0.09588509316770186
13,Pneumonia,0.31904521584510803,0.37178924679756165,0.74,0.8124999999999916,0.5863469601677148,0.024111282843894893,0.9959937680836856,0.41860766045548653,0.31346811861663626,78,3157,4475,18,0.4062499999999958,0.8975366876310271,0.04750304506699141,0.9917475025336614,0.10623706004140787
13,Pneumothorax,0.32562702894210815,0.5583550333976746,0.865,0.8994252873563192,0.6850948509485094,0.11869548729616985,0.9931251227656647,0.34122670807453415,0.2934755324646368,313,2324,5056,35,0.4022988505747115,0.9760162601626015,0.4416403785488945,0.9719336121980838,0.04101966873706004
14,Atelectasis,0.3852130174636841,0.5410447716712952,0.793,0.866504854368931,0.5608342989571262,0.190603310197544,0.9723756906077345,0.48473084886128365,0.29988024254208023,714,3032,3872,110,0.4004854368932034,0.9219293163383545,0.3797468354430375,0.92797783933518,0.11244824016563147
14,Cardiomegaly,0.3234553337097168,0.49709880352020264,0.901,0.9212962962962921,0.6899627263045792,0.07871835443037972,0.9967307692307691,0.32712215320910976,0.301915097345384,199,2329,5183,17,0.4027777777777759,0.9693823216187433,0.274447949526813,0.9825934421805423,0.04101966873706004
14,Consolidation,0.33031952381134033,0.4478992223739624,0.796,0.9079754601226966,0.48811132126452306,0.07246022031823744,0.9917650288223989,0.5285973084886129,0.3157410788972618,296,3789,3613,30,0.4049079754601214,0.9025938935422858,0.15474794841735035,0.9717818181818181,0.11037784679089027
14,Edema,0.3167625665664673,0.46305376291275024,0.888,0.956249999999994,0.6600158562367864,0.0561261922230374,0.9986005597760894,0.3527432712215321,0.3072786041599068,153,2573,4995,7,0.3999999999999975,0.9519027484143762,0.1495327102803735,0.986849315068493,0.05538302277432712
14,Effusion,0.3970634937286377,0.6284821033477783,0.868,0.8855218855218845,0.7083516162059382,0.28350700682716484,0.9793731041456014,0.3601190476190476,0.28841362570800033,789,1994,4843,102,0.401795735129068,0.953195846131344,0.5280235988200582,0.9243971631205673,0.08773291925465838
14,Emphysema,0.31571030616760254,0.5955234169960022,0.898,0.909638554216862,0.7638190954773868,0.07795560144553429,0.9974097737869105,0.25064699792960665,0.2948136328686777,151,1786,5776,15,0.4036144578313229,0.9931235122983336,0.563025210084029,0.9869890918648967,0.015398550724637682
14,Fibrosis,0.2772037386894226,0.30285367369651794,0.759,0.8545454545454468,0.5225781044893673,0.0251943178772447,0.995996997748311,0.48278985507246375,0.26772943143703926,94,3637,3981,16,0.39999999999999636,0.8729325282226305,0.043478260869565175,0.9901727218582488,0.13095238095238096
14,Hernia,0.29838523268699646,0.304880827665329,0.726,0.9999999999999166,0.6610938310005183,0.004567948229920059,0.9999999999999998,0.3399327122153209,0.2948794768772263,12,2615,5101,0,0.4999999999999583,0.9440124416796266,0.01369863013698627,0.9991769547325101,0.056677018633540376
14,Infiltration,0.2927139699459076,0.4553661644458771,0.706,0.9237228831350589,0.2263851404984918,0.2131438721136767,0.9289902280130288,0.8013716356107661,0.18415823989349187,1320,4873,1426,109,0.4009797060881733,0.8493411652643276,0.3764783180026279,0.8620689655172412,0.19694616977225674
14,Mass,0.31518256664276123,0.4203071594238281,0.811,0.8552278820375312,0.5031951053704962,0.0802919708029197,0.9856191744340876,0.5141045548654244,0.28893193760289043,319,3654,3701,54,0.40214477211796135,0.9339225016995241,0.2358490566037732,0.9685561195713479,0.08229813664596274
14,No Finding,0.5172916650772095,0.688114583492279,0.762,0.8148148148148147,0.5834733893557421,0.6949743589743589,0.7301086575534522,0.6308229813664596,0.08013981493386609,3388,1487,2083,770,0.40043290043290036,0.8826330532212883,0.7989443378118999,0.5582919914953932,0.2696687370600414
14,Nodule,0.2650979161262512,0.31218773126602173,0.701,0.8636363636363615,0.35430916552667574,0.07104900610116117,0.9784661881375138,0.6574792960662525,0.23322370665159473,361,4720,2590,57,0.4019138755980851,0.8473324213406291,0.130841121495327,0.9612042209807572,0.16614906832298137
14,Pleural_Thickening,0.259426474571228,0.3432350754737854,0.794,0.8928571428571389,0.47694562899786774,0.04848484848484847,0.9933388842631138,0.5337732919254659,0.25081284397800396,200,3925,3579,24,0.4017857142857125,0.9081823027718549,0.11553273427471102,0.9807166498776801,0.10080227743271221
14,Pneumonia,0.3163202106952667,0.3659505248069763,0.737,0.8124999999999916,0.5255503144654088,0.0210867802108678,0.9955323901712582,0.4786490683229814,0.31396542337586175,78,3621,4011,18,0.4062499999999958,0.8791928721174003,0.04058272632674293,0.99157676961726,0.12435300207039338
14,Pneumothorax,0.3235059976577759,0.565697431564331,0.869,0.9080459770114916,0.6573170731707316,0.11107205623901578,0.9934466516485765,0.3681418219461698,0.29541337388658256,316,2529,4851,32,0.40517241379310226,0.9769647696476964,0.4533762057877799,0.9720911419711472,0.04024327122153209
15,Atelectasis,0.38875794410705566,0.5425119400024414,0.792,0.8592233009708727,0.5758980301274622,0.19471947194719466,0.9716520039100682,0.4704968944099379,0.30019375543046445,708,2928,3976,116,0.4004854368932034,0.9233777520278098,0.38416763678696114,0.9280826903479399,0.11115424430641822
15,Cardiomegaly,0.3180069625377655,0.4916684329509735,0.899,0.9259259259259217,0.667332268370607,0.07410151908114114,0.9968184529727578,0.3492494824016563,0.3003069487541111,200,2499,5013,16,0.4027777777777759,0.9700479233226836,0.2788461538461529,0.9826051779935274,0.040372670807453416
15,Consolidation,0.3408370018005371,0.44405680894851685,0.793,0.8680981595091998,0.5621453661172655,0.08030646992054481,0.9897716460513795,0.4560041407867495,0.3159487579002452,283,3241,4161,43,0.4049079754601214,0.9002972169683868,0.15172413793103431,0.9717118693496645,0.1125776397515528
15,Edema,0.3154139220714569,0.4511544108390808,0.889,0.962499999999994,0.656051797040169,0.05585781646717445,0.9987929993964996,0.3567546583850932,0.30629469694157074,154,2603,4965,6,0.3999999999999975,0.9499207188160675,0.1444695259593676,0.986822237474262,0.057324016563147
15,Effusion,0.3998219668865204,0.6262603402137756,0.866,0.8855218855218845,0.7105455609185314,0.285043352601156,0.9794354838709676,0.3581780538302277,0.2905505313065605,789,1979,4858,102,0.40067340067340024,0.9523182682463067,0.5226939970717416,0.9242015613910574,0.08837991718426501
15,Emphysema,0.3220832645893097,0.5800832509994507,0.9,0.8855421686746935,0.8205501190161332,0.0977393617021276,0.9969473007712081,0.19461697722567287,0.29490711848882045,147,1357,6205,19,0.4036144578313229,0.9923300714096799,0.5359999999999957,0.9869788241483624,0.016174948240165632
15,Fibrosis,0.2793722152709961,0.3038749694824219,0.762,0.8545454545454468,0.5598582305066946,0.027270089933275305,0.9962625554776919,0.44604037267080743,0.26824494336749083,94,3353,4265,16,0.39999999999999636,0.8794959306904698,0.04573804573804569,0.9902453443689032,0.1244824016563147
15,Hernia,0.29938027262687683,0.30484387278556824,0.7,0.9999999999999166,0.7055469155002592,0.005253940455341504,0.9999999999999998,0.29554865424430643,0.29521809303920954,12,2272,5444,0,0.41666666666663194,0.9463452566096422,0.011933174224343646,0.9990422766452318,0.0542184265010352
15,Infiltration,0.28401610255241394,0.4528481364250183,0.706,0.9524142757172842,0.17002698841085884,0.20655638184853542,0.9402985074626858,0.8526138716356108,0.18453971896413135,1361,5228,1071,68,0.4002799160251922,0.8493411652643276,0.37606837606837584,0.8619300789431286,0.1968167701863354
15,Mass,0.3186527192592621,0.41960135102272034,0.815,0.8418230563002658,0.540448674371176,0.08500270709258255,0.9853743182944965,0.4780020703933747,0.28892576693331595,314,3380,3975,59,0.40214477211796135,0.9366417403127123,0.24350649350649312,0.9686445444319459,0.07971014492753623
15,No Finding,0.4748205840587616,0.6860925555229187,0.761,0.8607503607503606,0.48935574229691864,0.6625323954091076,0.7510748065348234,0.6990165631469979,0.08136435470295063,3579,1823,1747,579,0.4001924001924001,0.8848739495798317,0.8019277108433731,0.558818326552273,0.2685041407867495
15,Nodule,0.26475533843040466,0.31142041087150574,0.705,0.8755980861243998,0.34883720930232553,0.07140070230198985,0.980015372790161,0.6633022774327122,0.23319811594535597,366,4760,2550,52,0.4019138755980851,0.8454172366621066,0.12942989214175646,0.9611197511664074,0.1679606625258799
15,Pleural_Thickening,0.26138556003570557,0.3355962932109833,0.793,0.8839285714285675,0.5098614072494669,0.051083591331269336,0.9932502596053996,0.5015527950310559,0.25056984465314736,198,3678,3826,26,0.4062499999999982,0.9049840085287846,0.11318407960198991,0.9807914500288849,0.10403726708074534
15,Pneumonia,0.31258851289749146,0.3637365698814392,0.734,0.8645833333333244,0.4504716981132075,0.019406125789104507,0.9962329759490001,0.5534420289855072,0.31315424556286686,83,4194,3438,13,0.4062499999999958,0.8867924528301886,0.04318936877076407,0.9916483516483515,0.11684782608695653
15,Pneumothorax,0.31967929005622864,0.5634738206863403,0.873,0.9224137931034455,0.6066395663956639,0.09956575682382131,0.9940053285968027,0.41718426501035194,0.29630244517502213,321,2903,4477,27,0.40517241379310226,0.9765582655826557,0.44904458598725966,0.9720798489344482,0.040631469979296064
16,Atelectasis,0.38329944014549255,0.5412445068359375,0.791,0.8725728155339795,0.550550405561993,0.18812140240711664,0.9731182795698923,0.4945652173913043,0.3004335349051602,719,3103,3801,105,0.4004854368932034,0.9229432213209732,0.38283062645011556,0.9280512671133119,0.11154244306418219
16,Cardiomegaly,0.3188945949077606,0.4825759530067444,0.898,0.9166666666666624,0.687566560170394,0.07779960707269153,0.9965271078525948,0.3293219461697723,0.29911299066051195,198,2347,5165,18,0.4027777777777759,0.9685835995740147,0.26934984520123756,0.9825793382849425,0.04179606625258799
16,Consolidation,0.32744985818862915,0.44173046946525574,0.792,0.9263803680981566,0.44812212915428257,0.06883975381809891,0.9928165219994011,0.567675983436853,0.31527888533460674,302,4085,3317,24,0.40184049079754475,0.8997568224804106,0.1500572737686138,0.9715536105032822,0.11296583850931677
16,Edema,0.3170401453971863,0.45402127504348755,0.888,0.9499999999999941,0.6696617336152219,0.057315233785822005,0.9984239558707642,0.34316770186335405,0.3058244107140703,152,2500,5068,8,0.3999999999999975,0.9532241014799153,0.15311004784688959,0.9868673050615594,0.05408902691511387
16,Effusion,0.39890792965888977,0.6224976778030396,0.865,0.8832772166105489,0.7134708205353224,0.2865986890021849,0.9791248494580488,0.3553312629399586,0.2890098414713551,787,1959,4878,104,0.40067340067340024,0.9505631124762322,0.5136690647482007,0.9240722309114174,0.08993271221532091
16,Emphysema,0.31697916984558105,0.5858297348022461,0.9,0.9156626506024041,0.7658026976990213,0.07904316172646902,0.9975882859603789,0.24883540372670807,0.2953813892112385,152,1771,5791,14,0.4036144578313229,0.9928590320021157,0.5537190082644583,0.9869856710924148,0.015657349896480332
16,Fibrosis,0.2781575918197632,0.3032692074775696,0.767,0.8727272727272648,0.5253347335258598,0.025862068965517234,0.9965139442231074,0.4803312629399586,0.2683504426709181,96,3616,4002,14,0.39999999999999636,0.878183250196902,0.04526748971193411,0.9902309058614563,0.12577639751552794
16,Hernia,0.29860198497772217,0.30476897954940796,0.71,0.9999999999999166,0.6266200103680662,0.004147943311441409,0.9999999999999998,0.37435300207039335,0.2954851742024007,12,2881,4835,0,0.41666666666663194,0.9421980300673923,0.011086474501108622,0.999038065136732,0.0583592132505176
16,Infiltration,0.282528281211853,0.44833749532699585,0.707,0.9524142757172842,0.17002698841085884,0.20655638184853542,0.9402985074626858,0.8526138716356108,0.18397808135882424,1361,5228,1071,68,0.4002799160251922,0.8426734402286076,0.3659628918745999,0.8609894566098945,0.20225155279503104
16,Mass,0.31265968084335327,0.41826996207237244,0.815,0.8713136729222496,0.471380013596193,0.07714217896985519,0.9863442389758177,0.5451604554865425,0.28814531833041407,325,3888,3467,48,0.40214477211796135,0.936233854520734,0.24232633279482996,0.9686313124208749,0.08009834368530021
16,No Finding,0.5131997466087341,0.6866633296012878,0.762,0.8205868205868204,0.5714285714285713,0.6904087414002427,0.7322325915290737,0.6394927536231884,0.08190722676383534,3412,1530,2040,746,0.40091390091390083,0.8862745098039213,0.8041485769416301,0.5595048629531387,0.2682453416149068
16,Nodule,0.2636672854423523,0.312480628490448,0.707,0.8827751196172228,0.3348837209302325,0.07054100554387305,0.9803764517420902,0.6768892339544513,0.23247099016633027,369,4862,2448,49,0.4019138755980851,0.8540355677154582,0.13603238866396752,0.9614969967657476,0.15980848861283645
16,Pleural_Thickening,0.26016151905059814,0.3361986577510834,0.793,0.8883928571428532,0.49680170575692956,0.050062893081761,0.9933386624034104,0.5143633540372671,0.24987841748071382,199,3776,3728,25,0.4017857142857125,0.9075159914712152,0.11479591836734679,0.9807027649769584,0.10144927536231885
16,Pneumonia,0.3105839192867279,0.3650323450565338,0.733,0.8854166666666575,0.4022536687631027,0.018291370776845273,0.9964297306069455,0.6013198757763976,0.3129758929899329,85,4562,3070,11,0.4062499999999958,0.8946540880503143,0.04626334519572948,0.9917211328976033,0.10908385093167702
16,Pneumothorax,0.32318276166915894,0.5580844879150391,0.873,0.9051724137931008,0.6422764227642276,0.10659898477157358,0.9930861093651789,0.3823757763975155,0.29618481533914254,315,2640,4740,33,0.40517241379310226,0.9753387533875337,0.4365325077399367,0.9720459149223496,0.04179606625258799
17,Atelectasis,0.3775840997695923,0.5392919778823853,0.791,0.8786407766990281,0.5314310544611819,0.18287446324829498,0.9734677633324487,0.5122929606625258,0.299041304212858,724,3235,3669,100,0.4004854368932034,0.9232329084588643,0.38372093023255766,0.9280722189866044,0.11128364389233955
17,Cardiomegaly,0.3118520975112915,0.48352378606796265,0.895,0.9444444444444401,0.6280617678381256,0.06804536357571712,0.9974630021141647,0.3879399585921325,0.2983884790268251,204,2794,4718,12,0.4027777777777759,0.9699148029818955,0.2779552715654943,0.9826028320971003,0.040502070393374744
17,Consolidation,0.3298172354698181,0.43996551632881165,0.791,0.9141104294478499,0.4696028100513374,0.0705492424242424,0.992009132420091,0.546583850931677,0.3146586525012926,298,3926,3476,28,0.40184049079754475,0.9012429073223452,0.15197215777262163,0.9715991843868336,0.11154244306418219
17,Edema,0.3214213252067566,0.4481915831565857,0.887,0.9312499999999942,0.7015063424947146,0.06187707641196011,0.9979323308270674,0.3115942028985507,0.3058381607258542,149,2259,5309,11,0.3999999999999975,0.9525634249471457,0.15130023640661902,0.9868583162217658,0.054736024844720496
17,Effusion,0.39524585008621216,0.6199496388435364,0.863,0.8866442199775523,0.709082931110136,0.28427491903562424,0.9795918367346937,0.3596014492753623,0.28745831995354054,790,1989,4848,101,0.40067340067340024,0.9492467456486762,0.507102272727272,0.9239749430523917,0.09109730848861283
17,Emphysema,0.3165886402130127,0.578882098197937,0.902,0.909638554216862,0.7672573393282199,0.0790162218733647,0.9974213512119647,0.24728260869565216,0.2952809136468863,151,1760,5802,15,0.4036144578313229,0.9924623115577889,0.5403225806451569,0.9869805365597053,0.016045548654244308
17,Fibrosis,0.2799013555049896,0.30354565382003784,0.766,0.8545454545454468,0.5578892097663428,0.02715193529751588,0.9962494139709327,0.44798136645962733,0.2688027757796503,94,3368,4250,16,0.39999999999999636,0.8776581779994749,0.04508196721311471,0.9902251184834122,0.12629399585921325
17,Hernia,0.29968586564064026,0.3045582175254822,0.688,0.9999999999999166,0.7045101088646967,0.005235602094240835,0.9999999999999998,0.296583850931677,0.2956141853246136,12,2280,5436,0,0.41666666666663194,0.9348107827890098,0.00984251968503935,0.9990304709141273,0.06573498964803312
17,Infiltration,0.290126770734787,0.44594040513038635,0.708,0.93072078376487,0.2160660422289252,0.2121888959795788,0.9321917808219172,0.8110766045548654,0.18411760468143915,1330,4938,1361,99,0.4002799160251922,0.842355929512621,0.3654952076677314,0.8609443452863864,0.2025103519668737
17,Mass,0.3115195333957672,0.41675829887390137,0.813,0.8766756032171558,0.455336505778382,0.07546734364181859,0.9864506627393222,0.5606884057971014,0.28765520111004017,327,4006,3349,46,0.40214477211796135,0.9375934738273283,0.2463054187192114,0.9686753757550216,0.07880434782608696
17,No Finding,0.5239804983139038,0.6861183643341064,0.762,0.8097643097643096,0.5932773109243696,0.6986926748288025,0.7280852526641455,0.6235766045548654,0.08167331546205665,3367,1452,2118,791,0.40115440115440104,0.8820728291316524,0.7984681665868834,0.5584323461606667,0.27031573498964806
17,Nodule,0.26375681161880493,0.3126410245895386,0.709,0.8827751196172228,0.3400820793433652,0.07105719237435007,0.9806706114398419,0.671972049689441,0.2324340456680204,369,4824,2486,49,0.40669856459330045,0.8555403556771545,0.13866231647634575,0.9618578898800367,0.1586438923395445
17,Pleural_Thickening,0.2693900465965271,0.3344115912914276,0.792,0.816964285714282,0.6295309168443496,0.06176172797840025,0.9913955928646377,0.38341097308488614,0.24998707796676436,183,2780,4724,41,0.4017857142857125,0.9083155650319829,0.1156812339331618,0.9807194244604315,0.1006728778467909
17,Pneumonia,0.3142490088939667,0.3634187579154968,0.728,0.8437499999999912,0.47300838574423476,0.019741652449427244,0.995862068965517,0.5309265010351967,0.3132683116919506,81,4022,3610,15,0.4062499999999958,0.8936058700209643,0.0458284371327849,0.9917115021084774,0.11011904761904762
17,Pneumothorax,0.32438576221466064,0.5602684617042542,0.873,0.90229885057471,0.6520325203252032,0.10895211658570433,0.9929839042509284,0.3729296066252588,0.29668452414080476,314,2568,4812,34,0.4022988505747115,0.9752032520325202,0.43343653250773856,0.9719108710330856,0.04179606625258799
18,Atelectasis,0.37784892320632935,0.5375851988792419,0.79,0.8774271844660183,0.5344727694090382,0.18364236728473451,0.9733579530466893,0.5094461697722568,0.2987314463355897,723,3214,3690,101,0.4004854368932034,0.9207705677867901,0.3762827822120862,0.9278937381404173,0.11348343685300206
18,Cardiomegaly,0.30967122316360474,0.47585079073905945,0.896,0.9444444444444401,0.6186102236421724,0.06647116324535678,0.9974243399871215,0.39712732919254656,0.2970894997511406,204,2865,4647,12,0.4027777777777759,0.9692492012779551,0.27358490566037647,0.9825910931174088,0.04114906832298137
18,Consolidation,0.328229159116745,0.4373891055583954,0.789,0.9233128834355799,0.45163469332612804,0.0690366972477064,0.9925771971496434,0.5641821946169773,0.3142039942406658,301,4059,3343,25,0.40184049079754475,0.9002972169683868,0.15074798619102397,0.971570199737571,0.11244824016563147
18,Edema,0.32382187247276306,0.4428964853286743,0.885,0.9249999999999943,0.724497885835095,0.0662785490371697,0.997816196542311,0.28894927536231885,0.304669828024957,148,2085,5483,12,0.3999999999999975,0.9519027484143762,0.1495327102803735,0.986849315068493,0.05538302277432712
18,Effusion,0.4214027225971222,0.6183380484580994,0.862,0.8552188552188542,0.7686119643118325,0.3250853242320818,0.976040118870728,0.3033126293995859,0.2865853622694563,762,1582,5255,129,0.40067340067340024,0.9488079567061576,0.5049504950495042,0.9239424583392678,0.09148550724637682
18,Emphysema,0.31388601660728455,0.5781044960021973,0.901,0.9216867469879463,0.7460989156307855,0.07380607814761213,0.9977011494252872,0.2682453416149068,0.2942618119489887,153,1920,5642,13,0.4036144578313229,0.9925945517058978,0.5447154471544672,0.9869822485207099,0.01591614906832298
18,Fibrosis,0.2784578502178192,0.3023902475833893,0.767,0.8636363636363559,0.5196902074035179,0.025306339904102283,0.9962254655259183,0.48576604554865427,0.2688166242609607,95,3659,3959,15,0.39999999999999636,0.8662378577054344,0.041392285983066754,0.9900975243810951,0.13755175983436854
18,Hernia,0.29963698983192444,0.3041217625141144,0.679,0.9999999999999166,0.7050285121824779,0.005244755244755242,0.9999999999999998,0.29606625258799174,0.29549366721640463,12,2276,5440,0,0.41666666666663194,0.9237947122861585,0.008431703204047203,0.999018920812894,0.07673395445134576
18,Infiltration,0.2891218066215515,0.44610878825187683,0.708,0.9293212036389077,0.2200349261787585,0.21278641243390478,0.9320780094149288,0.8075828157349897,0.18300459074631614,1328,4913,1386,101,0.4002799160251922,0.8437847277345609,0.36760925449871446,0.8611471160077769,0.2013457556935818
18,Mass,0.3081904947757721,0.4170531928539276,0.811,0.9034852546916865,0.4084296397008837,0.07188566552901023,0.9881578947368418,0.6066252587991718,0.2868556766915396,337,4351,3004,36,0.40214477211796135,0.9385452073419441,0.24916943521594642,0.9687061465057535,0.07789855072463768
18,No Finding,0.5004868507385254,0.6872539520263672,0.762,0.8338143338143337,0.5450980392156861,0.6810056963268512,0.737959802806219,0.6587732919254659,0.0817409852099283,3467,1624,1946,691,0.40067340067340057,0.8831932773109241,0.7998079692750837,0.5585473870682018,0.26953933747412007
18,Nodule,0.26042440533638,0.30882370471954346,0.707,0.9114832535885146,0.2764705882352941,0.06719576719576718,0.9820213799805633,0.7336956521739131,0.23142514677860967,381,5289,2021,37,0.4019138755980851,0.8493844049247605,0.13238770685579188,0.9612943180058832,0.1642080745341615
18,Pleural_Thickening,0.2605411410331726,0.3324964940547943,0.792,0.8794642857142818,0.5058635394456289,0.05044814340588987,0.9929374836515823,0.5053053830227743,0.24959811276715732,197,3708,3796,27,0.4017857142857125,0.9079157782515991,0.11523687580025593,0.9807110983158196,0.10106107660455486
18,Pneumonia,0.31335270404815674,0.3617869019508362,0.726,0.8437499999999912,0.4592505241090146,0.01924904942965779,0.9957386363636361,0.5445134575569358,0.31262018043725265,81,4127,3505,15,0.4062499999999958,0.8939989517819705,0.04599056603773579,0.9917151162790696,0.10973084886128365
18,Pneumothorax,0.3258833885192871,0.5619848966598511,0.874,0.8908045977011468,0.6715447154471544,0.113386978785662,0.9923908690428512,0.3537784679089027,0.29589475346941263,310,2424,4956,38,0.40804597701149303,0.9765582655826557,0.4507936507936493,0.9722109807095641,0.04076086956521739
19,Atelectasis,0.36415237188339233,0.5379210114479065,0.79,0.9053398058252415,0.4749420625724217,0.1706703271562571,0.976764968722073,0.5656055900621118,0.29791765057290925,746,3625,3279,78,0.4004854368932034,0.9219293163383545,0.3797468354430375,0.92797783933518,0.11244824016563147
19,Cardiomegaly,0.309681236743927,0.4763859510421753,0.895,0.9398148148148104,0.6280617678381256,0.06773440106773439,0.9972521665609806,0.3878105590062112,0.2963020309003737,203,2794,4718,13,0.40740740740740555,0.970846645367412,0.28664495114006416,0.982751650720927,0.03972567287784679
19,Consolidation,0.3286798298358917,0.43739837408065796,0.789,0.9202453987730033,0.4574439340718724,0.06950880444856347,0.9923798358733877,0.5584886128364389,0.31431429449075504,300,4016,3386,26,0.4049079754601214,0.9004323155903808,0.151898734177215,0.9717159935850705,0.11244824016563147
19,Edema,0.3220560848712921,0.4396105408668518,0.884,0.9187499999999943,0.720005285412262,0.06487202118270077,0.9976199194434271,0.29321946169772256,0.3039261355888153,147,2119,5449,13,0.3999999999999975,0.9519027484143762,0.1495327102803735,0.986849315068493,0.05538302277432712
19,Effusion,0.3957839012145996,0.6213585734367371,0.863,0.8810325476992134,0.716542343132953,0.2882849798016892,0.9788211788211787,0.3523550724637681,0.28602628808615127,785,1938,4899,106,0.40067340067340024,0.9496855345911949,0.509272467902995,0.9240074000284615,0.09070910973084886
19,Emphysema,0.31538155674934387,0.5686390995979309,0.901,0.9216867469879463,0.7623644538481882,0.07846153846153843,0.9977500865351331,0.25232919254658387,0.2942591262962014,153,1797,5765,13,0.409638554216865,0.9923300714096799,0.5396825396825354,0.9871086556169428,0.016304347826086956
19,Fibrosis,0.28095343708992004,0.3042343854904175,0.765,0.8363636363636288,0.5765292727750065,0.02772754671488848,0.9959183673469386,0.42934782608695654,0.26891602412652893,92,3226,4392,18,0.39999999999999636,0.879364662641113,0.04569055036344751,0.9902439024390243,0.12461180124223603
19,Hernia,0.2989206314086914,0.30452513694763184,0.67,0.9999999999999166,0.6540953862104717,0.004475941812756432,0.9999999999999998,0.34692028985507245,0.295524014055914,12,2669,5047,0,0.41666666666663194,0.9300155520995333,0.009174311926605488,0.99902547682027,0.07052277432712216
19,Infiltration,0.28664642572402954,0.44251686334609985,0.709,0.93072078376487,0.2155897761549452,0.21208738638175725,0.9320521619766639,0.8114648033126294,0.18163140173075917,1330,4941,1358,99,0.4002799160251922,0.8402921098587076,0.36248415716096305,0.8606504065040649,0.20419254658385094
19,Mass,0.3087623119354248,0.4145831763744354,0.812,0.8954423592493274,0.4190346702923181,0.07249837204254395,0.9875040051265617,0.5961438923395446,0.2868354815843189,334,4273,3082,39,0.4075067024128675,0.9366417403127123,0.2459546925566339,0.9689170182841068,0.07996894409937888
19,No Finding,0.4755132794380188,0.687789797782898,0.763,0.8650793650793649,0.4806722689075629,0.6598789212988442,0.7536231884057968,0.7053571428571429,0.08238861658157275,3597,1854,1716,561,0.40043290043290036,0.8843137254901958,0.8012512030798842,0.5587610619469026,0.26889233954451347
19,Nodule,0.2606976330280304,0.30744898319244385,0.708,0.9066985645932992,0.295485636114911,0.06854765780430457,0.982264665757162,0.7154503105590062,0.23087620679636178,379,5150,2160,39,0.4019138755980851,0.8470588235294116,0.1306376360808708,0.9611921763427506,0.16640786749482403
19,Pleural_Thickening,0.2683107852935791,0.3344320058822632,0.792,0.8214285714285677,0.6288646055437099,0.061973728528123925,0.991594872872452,0.3841873706004141,0.24943043556311179,184,2785,4719,40,0.4017857142857125,0.911913646055437,0.11984021304926748,0.9807940375519563,0.09717908902691512
19,Pneumonia,0.31034088134765625,0.36178889870643616,0.725,0.8749999999999909,0.4008123689727463,0.01803736310929783,0.9960924780201885,0.6026138716356108,0.31204118249903184,84,4573,3059,12,0.4062499999999958,0.8977987421383646,0.04761904761904756,0.99174989144594,0.10597826086956522
19,Pneumothorax,0.31891751289367676,0.557567834854126,0.875,0.9252873563218363,0.6005420054200541,0.09847094801223238,0.99416778824585,0.4231366459627329,0.2960792120553815,322,2948,4432,26,0.4022988505747115,0.9761517615176151,0.4430379746835429,0.971937398812736,0.04089026915113872
20,Atelectasis,0.36525580286979675,0.5372709631919861,0.79,0.9004854368932028,0.4868192352259559,0.17316219369894978,0.9761835608480973,0.5544772256728778,0.2966900217900241,742,3543,3361,82,0.4004854368932034,0.9225086906141367,0.38150289017340994,0.9280198164068191,0.11193064182194618
20,Cardiomegaly,0.3081742823123932,0.47020038962364197,0.895,0.9444444444444401,0.6139510117145899,0.06572164948453606,0.9974048442906572,0.40165631469979296,0.29610070682229095,204,2900,4612,12,0.4027777777777759,0.9679179978700744,0.26524390243902357,0.9825675675675675,0.042443064182194616
20,Consolidation,0.33881640434265137,0.4366934597492218,0.789,0.8803680981595065,0.5494460956498243,0.07923799006073991,0.9905017048222112,0.46868530020703936,0.3141035704370241,287,3335,4067,39,0.40184049079754475,0.900837611456363,0.15144508670520213,0.9715867696342706,0.11193064182194618
20,Edema,0.3185047209262848,0.4335836172103882,0.883,0.9249999999999943,0.6964852008456659,0.06053169734151327,0.9977285633162973,0.31638198757763975,0.3037285220888338,148,2297,5271,12,0.3999999999999975,0.9503171247357293,0.14545454545454511,0.9868276619099889,0.056935817805383024
20,Effusion,0.4169187843799591,0.6189417839050293,0.862,0.8552188552188542,0.7649553897908439,0.32165470662726875,0.9759283448404551,0.30654761904761907,0.2853620345617488,762,1607,5230,129,0.40067340067340024,0.9492467456486762,0.507102272727272,0.9239749430523917,0.09109730848861283
20,Emphysema,0.31591248512268066,0.5651077628135681,0.903,0.9036144578313199,0.7742660671779952,0.08077544426494342,0.9972747402486798,0.2402950310559006,0.2939978350054156,150,1707,5855,16,0.409638554216865,0.9920655911134619,0.5312499999999959,0.9871052631578946,0.016563146997929608
20,Fibrosis,0.2799700200557709,0.3025590181350708,0.766,0.8545454545454468,0.5560514570753478,0.027042577675489062,0.9962370649106301,0.4497929606625259,0.26869326225225476,94,3382,4236,16,0.39999999999999636,0.8710947755316355,0.04288499025341127,0.9901521933751117,0.1327639751552795
20,Hernia,0.2996510863304138,0.3043464422225952,0.699,0.9999999999999166,0.7041213063763607,0.005228758169934638,0.9999999999999998,0.296972049689441,0.2954818542283144,12,2283,5433,0,0.41666666666663194,0.9269051321928459,0.008787346221441108,0.9990222098058387,0.07362836438923395
20,Infiltration,0.28574976325035095,0.44147980213165283,0.708,0.9328201539538132,0.21400222257501186,0.21212603437301078,0.9335180055401656,0.8131469979296067,0.18200053593363638,1333,4951,1348,96,0.4002799160251922,0.8387045562787743,0.3602015113350124,0.8604234527687296,0.2054865424430642
20,Mass,0.3069957196712494,0.4126589000225067,0.812,0.9061662198391396,0.398368456832087,0.07096367835397857,0.9881956155143335,0.6163302277432712,0.2859861835929917,338,4425,2930,35,0.40214477211796135,0.9352821210061182,0.23961661341852997,0.9686003942551392,0.08100414078674949
20,No Finding,0.48356160521507263,0.6881163716316223,0.762,0.855218855218855,0.5005602240896357,0.666042330024349,0.7480117203850981,0.6908643892339544,0.08266506490430661,3556,1783,1787,602,0.40067340067340057,0.88375350140056,0.8005766458433442,0.5587037364972551,0.26928053830227744
20,Nodule,0.2600176930427551,0.3062518835067749,0.706,0.9162679425837298,0.2682626538987688,0.06681786461967898,0.982464929859719,0.7417184265010351,0.2307458256967134,383,5349,1961,35,0.4019138755980851,0.8474692202462379,0.13094310210444263,0.9612102404965088,0.16601966873706003
20,Pleural_Thickening,0.2613135576248169,0.32975900173187256,0.79,0.8749999999999961,0.5302505330490405,0.052674012362268194,0.9930122285999499,0.4814958592132505,0.24896135490086876,196,3525,3979,28,0.4062499999999982,0.9077825159914711,0.11621966794380573,0.9808495320374369,0.10131987577639752
20,Pneumonia,0.3190251886844635,0.36028048396110535,0.726,0.7708333333333254,0.585691823899371,0.022867737948084048,0.9951024042742651,0.41873706004140787,0.31169418861036713,74,3162,4470,22,0.4062499999999958,0.8962264150943395,0.04693140794223821,0.9917355371900826,0.10753105590062112
20,Pneumothorax,0.3287525773048401,0.5568269491195679,0.874,0.8764367816091928,0.7013550135501354,0.12156237544838577,0.9917608737305995,0.32466356107660455,0.2955730792605482,305,2204,5176,43,0.4022988505747115,0.9756097560975608,0.4374999999999986,0.9719222462203022,0.041407867494824016
21,Atelectasis,0.3645575940608978,0.5362189412117004,0.79,0.9029126213592222,0.4846465816917728,0.17294281729428168,0.9766491535318153,0.5566770186335404,0.29644648998003936,744,3558,3346,80,0.4004854368932034,0.9209154113557357,0.37671232876712285,0.9279042615294804,0.11335403726708075
21,Cardiomegaly,0.3066927492618561,0.4662442207336426,0.892,0.9444444444444401,0.5981096911608093,0.06329506670803597,0.9973362930077689,0.41705486542443065,0.29544215055093875,204,3019,4493,12,0.4027777777777759,0.9665867944621938,0.2573964497041412,0.9825439783491203,0.043737060041407864
21,Consolidation,0.33344921469688416,0.4379359185695648,0.787,0.8957055214723898,0.5035125641718454,0.07360725989412653,0.9909598511034297,0.5133281573498965,0.31424103985785456,292,3675,3727,34,0.40184049079754475,0.9020534990543095,0.1530373831775699,0.9716239813736902,0.11076604554865424
21,Edema,0.3174694776535034,0.43919357657432556,0.883,0.9249999999999943,0.6906712473572938,0.05946163117717957,0.9977094865432332,0.32207556935817805,0.3033541352227794,148,2341,5227,12,0.3999999999999975,0.9534883720930232,0.15384615384615347,0.9868708971553609,0.053830227743271224
21,Effusion,0.40994399785995483,0.619940459728241,0.862,0.8597081930415253,0.7498903027643702,0.30936995153473335,0.976199543031226,0.32039337474120083,0.2850625923223501,766,1710,5127,125,0.40067340067340024,0.9495392716103553,0.5085470085470079,0.9239965841161399,0.09083850931677019
21,Emphysema,0.3183955252170563,0.571164608001709,0.899,0.8975903614457778,0.8046813012430573,0.09163591635916354,0.9972140281874794,0.21040372670807453,0.293582362853623,149,1477,6085,17,0.409638554216865,0.9928590320021157,0.5573770491803233,0.9871154351827504,0.015786749482401656
21,Fibrosis,0.28019288182258606,0.3031027615070343,0.767,0.8363636363636288,0.5719348910475189,0.027438115120787348,0.995885714285714,0.4338768115942029,0.2683288603326919,92,3261,4357,18,0.39999999999999636,0.8771331058020477,0.044897959183673425,0.9902193242442203,0.12681159420289856
21,Hernia,0.2985824644565582,0.30449533462524414,0.682,0.9999999999999166,0.6321928460342146,0.004210526315789473,0.9999999999999998,0.3687888198757764,0.2954143171293148,12,2838,4878,0,0.41666666666663194,0.9276827371695178,0.008880994671403181,0.9990230286113049,0.072851966873706
21,Infiltration,0.2794135510921478,0.44068989157676697,0.708,0.9468159552134353,0.18733132243213205,0.2090543881334981,0.939490445859872,0.8374741200828157,0.18165376849518802,1353,5119,1180,76,0.4002799160251922,0.8374345134148277,0.35839598997493716,0.8602413568166991,0.20652173913043478
21,Mass,0.3057093918323517,0.41086703538894653,0.812,0.9168900804289519,0.3789259007477906,0.06965376782077391,0.9889992902767918,0.635351966873706,0.28548031284880687,342,4568,2787,31,0.40214477211796135,0.9373215499660094,0.24549918166939402,0.968666572994239,0.0790631469979296
21,No Finding,0.5057565569877625,0.688603937625885,0.762,0.8299663299663298,0.5507002801120446,0.6826904055390701,0.7355031799476242,0.6541149068322981,0.08297057028890704,3451,1604,1966,707,0.4001924001924001,0.8815126050420166,0.7973167225682795,0.5578798085445842,0.2700569358178054
21,Nodule,0.25945550203323364,0.3053300976753235,0.707,0.9234449760765527,0.2735978112175102,0.06776685393258426,0.9842519685039366,0.7370600414078675,0.22993508277472502,386,5310,2000,32,0.4019138755980851,0.8478796169630642,0.1312499999999999,0.961228287841191,0.16563146997929606
21,Pleural_Thickening,0.26472872495651245,0.32930436730384827,0.789,0.8392857142857105,0.5912846481876332,0.05775729646697387,0.9919517102615693,0.421195652173913,0.24856430645762143,188,3067,4437,36,0.4017857142857125,0.9079157782515991,0.11523687580025593,0.9807110983158196,0.10106107660455486
21,Pneumonia,0.3219188153743744,0.35781264305114746,0.722,0.7395833333333257,0.6403301886792452,0.025213068181818173,0.9949104234527686,0.36438923395445133,0.31133694559196884,71,2745,4887,25,0.4062499999999958,0.8916404612159328,0.04503464203233251,0.9916933838531039,0.11206004140786749
21,Pneumothorax,0.3253675401210785,0.5511810779571533,0.874,0.8936781609195376,0.6760162601626015,0.11509992598075496,0.9926382809391164,0.3496376811594203,0.29492314858651303,311,2391,4989,37,0.40517241379310226,0.9756097560975608,0.43925233644859674,0.9720534629404616,0.041537267080745344
